-1.30166270783848, 0.023006430868167203
-1.159144893111639, 0.028504823151125406
-1.0095011876484563, 0.03458199356913184
-0.7695961995249406, 0.04485530546623795
-0.6033254156769599, 0.05194533762057879
-0.4085510688836105, 0.05932475884244373
-0.24703087885985764, 0.06511254019292605
-0.1733966745843234, 0.06742765273311897
-0.08076009501187653, 0.07032154340836012
0.04275534441805218, 0.07422829581993572
0.1971496437054634, 0.0784244372990354
0.3919239904988121, 0.0839228295819936
0.5890736342042759, 0.08884244372990352
0.6745843230403799, 0.0907234726688103
