-1.3016627078384797, 0.013022508038585207
-1.1686460807600951, 0.017363344051446954
-1.0855106888361046, 0.020401929260450157
-0.983372921615202, 0.02459807073954984
-0.8764845605700713, 0.028938906752411588
-0.7672209026128266, 0.03385852090032155
-0.629453681710214, 0.0402250803858521
-0.48218527315914494, 0.047459807073954995
-0.3254156769596199, 0.054983922829582
-0.14014251781472697, 0.06236334405144696
0.061757719714964576, 0.07017684887459807
0.19952494061757742, 0.074951768488746
0.34679334916864657, 0.0794372990353698
0.48218527315914494, 0.08348874598070741
0.6793349168646081, 0.08942122186495177
