"nest","trial_number","bee_flight","training_or_testing","date","t_ret","session","side_vpatt_dep","pos_vpatt_ret","side_vpatt_ret","patt_period","cycle_width","first_decision","view_dist","patt_freq_ret"
"1.2",1,"1",NA,2024-02-25,2024-02-25 18:45:10,"pm","L","1","L",NA,NA,"0",50,NA
"1.2",2,"1",NA,2024-02-26,2024-02-26 06:25:36,"am","L","1","L",NA,NA,"0",50,NA
"1.2",3,"1",NA,2024-02-27,2024-02-27 06:32:46,"am","R","1","R",NA,NA,"1",50,NA
"1.2",4,"1",NA,2024-02-28,2024-02-28 06:15:30,"am","R","1","L",NA,NA,"1",50,NA
"1.2",5,"1",NA,2024-02-28,2024-02-28 18:41:44,"pm","?","3","?",NA,NA,"1",312,NA
"1.2",6,"1",NA,2024-02-29,2024-02-29 18:54:25,"pm","?","3","?",NA,NA,"1",312,NA
"1.2",7,"1",NA,2024-03-01,2024-03-01 05:58:39,"am","?","3","?",NA,NA,"0",312,NA
"1.2",7,"2",NA,2024-03-01,2024-03-01 06:30:49,"am","?","3","?",NA,NA,"0",312,NA
"1.2",8,"1",NA,2024-03-02,2024-03-02 06:03:25,"am","L","3","R",115.170221587506,NA,"1",312,0.048
"1.2",9,"1",NA,2024-03-03,2024-03-03 06:12:15,"am","R","3","L",38.3901328145035,NA,"0",312,0.142
"1.2",10,"1",NA,2024-03-04,2024-03-04 06:10:59,"am","L","3","R",115.170221587506,NA,"1",312,0.048
"1.2",11,"1",NA,2024-03-05,2024-03-05 06:13:13,"am","R","3","L",38.3901328145035,NA,"0",312,0.142
"1.2",12,"1",NA,2024-03-07,2024-03-07 18:44:12,"pm","R","3","L",57.5852434358581,NA,"1",312,0.095
"1.2",13,"2?",NA,2024-03-08,2024-03-08 06:29:50,"am","R","3","R",115.170221587506,NA,"0",312,0.048
"1.2",14,"1",NA,2024-03-08,2024-03-08 18:57:05,"pm","R","3","L",57.5852434358581,NA,"1",312,0.095
"1.2",15,"1",NA,2024-03-11,2024-03-11 06:03:38,"am","L","3","L",57.5852434358581,NA,"1",312,0.095
"1.2",15,"2",NA,2024-03-11,2024-03-11 06:16:33,"am","L","3","R",38.3901328145035,NA,"0",312,0.142
"1.2",16,"1",NA,2024-03-11,2024-03-11 18:54:32,"pm","R","3","L",115.170221587506,NA,"1",312,0.048
"1.2",17,"1",NA,2024-03-12,2024-03-12 06:10:14,"am","L","3","R",57.5852434358581,NA,"0",312,0.095
"1.2",17,"2",NA,2024-03-12,2024-03-12 06:22:49,"am","R","3","R",57.5852434358581,NA,"0",312,0.095
"1.2",18,"1",NA,2024-03-12,2024-03-12 18:41:00,"pm","R","3","L",57.5852434358581,NA,"1",312,0.095
"1.2",18,"2",NA,2024-03-12,2024-03-12 18:55:09,"pm","L","3","R",115.170221587506,NA,"0",312,0.048
"1.2",19,"1",NA,2024-03-13,2024-03-13 06:13:54,"am","R","3","L",115.170221587506,NA,"1",312,0.048
"1.2",20,"1",NA,2024-03-13,2024-03-13 18:09:37,"pm","L","3","L",115.170221587506,NA,"1",312,0.048
"1.2",20,"2",NA,2024-03-13,2024-03-13 18:44:06,"pm","L","3","R",115.170221587506,NA,"0",312,0.048
"1.2",21,"1",NA,2024-03-14,2024-03-14 06:11:32,"am","L","3","R",115.170221587506,NA,"0",312,0.048
"1.2",22,"1",NA,2024-03-14,2024-03-14 18:47:47,"pm","R","3","L",115.170221587506,NA,"1",312,0.048
"1.2",22,"2",NA,2024-03-14,2024-03-14 18:59:15,"pm","L","3","R",115.170221587506,NA,"0",312,0.048
"1.2",23,"1",NA,2024-03-15,2024-03-15 06:12:58,"am","L","3","R",115.170221587506,NA,"0",312,0.048
"1.2",23,"2",NA,2024-03-15,2024-03-15 06:21:38,"am","R","3","L",115.170221587506,NA,"1",312,0.048
"1.2",24,"1",NA,2024-03-15,2024-03-15 18:55:09,"pm","L","3","R",115.170221587506,NA,"0",312,0.048
"1.2",25,"2",NA,2024-03-16,2024-03-16 06:01:20,"am","R","3","L",115.170221587506,NA,"1",312,0.048
"1.2",26,"1",NA,2024-03-16,2024-03-16 18:53:23,"pm","R","2","L",115.170221587506,NA,"1",180,0.028
"1.2",27,"1",NA,2024-03-17,2024-03-17 06:00:15,"am","L","3","L",115.170221587506,NA,"1",312,0.048
"1.2",27,"2",NA,2024-03-17,2024-03-17 06:17:08,"am","R","3","R",115.170221587506,NA,"0",312,0.048
"1.2",28,"1",NA,2024-03-17,2024-03-17 18:54:07,"pm","R","3","L",115.170221587506,NA,"1",312,0.048
"1.2",29,"1",NA,2024-03-18,2024-03-18 05:56:02,"am","L","3","R",115.170221587506,NA,"0",312,0.048
"1.2",29,"2",NA,2024-03-18,2024-03-18 06:11:58,"am","R","3","R",115.170221587506,NA,"0",312,0.048
"1.2",30,"1",NA,2024-03-18,2024-03-18 18:49:02,"pm","R","3","R",115.170221587506,NA,"0",312,0.048
"1.2",31,"1",NA,2024-03-19,2024-03-19 06:15:12,"am","R","3","R",115.170221587506,NA,"1",312,0.048
"1.2",32,"1",NA,2024-03-21,2024-03-21 18:35:46,"pm","R","3","R",115.170221587506,NA,"0",312,0.048
"1.2",33,"1",NA,2024-03-22,2024-03-22 06:09:45,"am","R","3","L",38.3901328145035,NA,"1",312,0.142
"1.2",34,"1",NA,2024-03-22,2024-03-22 18:33:17,"pm","L","3","L",115.170221587506,NA,"1",312,0.048
"1.2",35,"1",NA,2024-03-23,2024-03-23 06:13:49,"am","L","3","R",38.3901328145035,NA,"0",312,0.142
"1.2",35,"2",NA,2024-03-23,2024-03-23 06:20:47,"am","R","3","R",38.3901328145035,NA,"0",312,0.142
"1.2",36,"1",NA,2024-03-23,2024-03-23 18:33:05,"pm","R","3","L",115.170221587506,NA,"1",312,0.048
"1.2",36,"2",NA,2024-03-23,2024-03-23 18:48:15,"pm","L","3","L",115.170221587506,NA,"1",312,0.048
"1.2",37,"1",NA,2024-03-24,2024-03-24 06:15:15,"am","L","3","R",115.170221587506,NA,"0",312,0.048
"1.2",38,"1",NA,2024-03-24,2024-03-24 18:57:40,"pm","R","3","L",57.5852434358581,NA,"1",312,0.095
"1.2",39,"1",NA,2024-03-25,2024-03-25 06:28:24,"am","L","3","R",38.3901328145035,NA,"0",312,0.142
"1.2",40,"1",NA,2024-03-25,2024-03-25 18:55:51,"pm","R","3","R",115.170221587506,NA,"1",312,0.048
"1.2",41,"1",NA,2024-03-26,2024-03-26 06:11:20,"am","L","3","R",57.5852434358581,NA,"1",312,0.095
"1.2",41,"2",NA,2024-03-26,2024-03-26 06:29:44,"am","R","3","R",57.5852434358581,NA,"0",312,0.095
"1.2",42,"1",NA,2024-03-27,2024-03-27 06:04:28,"am","R","3","L",38.3901328145035,NA,"1",312,0.142
"1.2",43,"1",NA,2024-03-27,2024-03-27 18:49:52,"pm","L","3","R",115.170221587506,NA,"0",312,0.048
"1.2",44,"1",NA,2024-03-28,2024-03-28 05:54:49,"am","R","3","R",115.170221587506,NA,"0",312,0.048
"1.2",44,"2",NA,2024-03-28,2024-03-28 06:07:47,"am","R","3","L",57.5852434358581,NA,"1",312,0.095
"1.2",44,"3",NA,2024-03-28,2024-03-28 06:27:42,"am","L","3","L",57.5852434358581,NA,"1",312,0.095
"1.2",45,"1",NA,2024-03-28,2024-03-28 18:53:11,"pm","L","3","R",38.3901328145035,NA,"0",312,0.142
"1.2",46,"1",NA,2024-03-29,2024-03-29 06:00:02,"am","R","3","R",115.170221587506,NA,"0",312,0.048
"1.2",46,"2",NA,2024-03-29,2024-03-29 06:23:01,"am","R","3","L",115.170221587506,NA,"1",312,0.048
"1.2",47,"1",NA,2024-03-29,2024-03-29 18:54:03,"pm","R","3","L",57.5852434358581,NA,"0",312,0.095
"1.2",48,"1",NA,2024-03-30,2024-03-30 06:14:50,"am","L","3","R",38.3901328145035,NA,"0",312,0.142
"1.2",49,"1",NA,2024-03-30,2024-03-30 18:49:56,"pm","R","3","L",115.170221587506,NA,"1",312,0.048
"1.2",50,"1",NA,2024-03-31,2024-03-31 18:58:48,"pm","L","3","R",57.5852434358581,NA,"0",312,0.095
"1.2",51,"2",NA,2024-04-01,2024-04-01 06:25:04,"am","R","3","L",38.3901328145035,NA,"1",312,0.142
"1.2",52,"1",NA,2024-04-03,2024-04-03 19:02:52,"pm","L","3","L",115.170221587506,NA,"1",312,0.048
"1.2",53,"1",NA,2024-04-04,2024-04-04 19:02:29,"pm","L","3","R",115.170221587506,NA,"0",312,0.048
"1.2",54,"1",NA,2024-04-05,2024-04-05 19:00:09,"pm","R","3","L",57.5852434358581,NA,"1",312,0.095
"1.2",55,"1",NA,2024-04-06,2024-04-06 18:52:13,"pm","L","3","L",115.170221587506,NA,"1",312,0.048
"1.2",56,"1",NA,2024-04-07,2024-04-07 18:58:14,"pm","L","3","R",115.170221587506,NA,"0",312,0.048
"1.2",57,"1",NA,2024-04-08,2024-04-08 05:49:56,"am","R","3","R",115.170221587506,NA,"0",312,0.048
"1.2",57,"2",NA,2024-04-08,2024-04-08 06:05:46,"am","R","3","L",57.5852434358581,NA,"1",312,0.095
"1.2",58,"1",NA,2024-04-08,2024-04-08 18:59:10,"pm","L","3","R",57.5852434358581,NA,"0",312,0.095
"1.2",59,"1",NA,2024-04-09,2024-04-09 06:07:20,"am","R","3","R",38.3901328145035,NA,"0",312,0.142
"1.2",60,"1",NA,2024-04-09,2024-04-09 18:51:50,"pm","R","3","L",38.3901328145035,NA,"1",312,0.142
"1.2",61,"1",NA,2024-04-10,2024-04-10 05:44:48,"am","L","3","R",38.3901328145035,NA,"0",312,0.142
"1.2",62,"3",NA,2024-04-11,2024-04-11 05:49:06,"am","R","3","R",19.1950369312511,NA,"0",312,0.284
"1.2",62,"2",NA,2024-04-11,2024-04-11 05:43:17,"am","R","3","R",19.1950369312511,NA,"0",312,0.284
"1.2",62,"1",NA,2024-04-11,2024-04-11 05:35:01,"am","R","3","R",38.3901328145035,NA,"0",312,0.142
"1.2",63,"3",NA,2024-04-12,2024-04-12 06:33:51,"am","L","3","L",19.1950369312511,NA,"1",312,0.284
"1.2",63,"2",NA,2024-04-12,2024-04-12 06:00:43,"am","L","3","L",19.1950369312511,NA,"1",312,0.284
"1.2",63,"1",NA,2024-04-12,2024-04-12 05:43:42,"am","L","3","L",19.1950369312511,NA,"1",312,0.284
"1.2",64,"1",NA,2024-04-12,2024-04-12 18:48:57,"pm","L","2","R",57.5852434358581,NA,"0",180,0.055
"1.4V",65,"1","training",2024-04-17,2024-04-17 18:53:17,"pm","R","1","R",19.1950369312511,NA,"1",50,0.046
"1.4V",66,"1","training",2024-04-18,2024-04-18 05:57:57,"am","R","1","R",57.5852434358581,NA,"1",50,0.017
"1.4V",67,"1","training",2024-04-18,2024-04-18 18:49:21,"pm","L","1","L",115.170221587506,NA,"1",50,0.01
"1.4V",68,"1","training",2024-04-19,2024-04-19 05:41:20,"am","L","1","L",115.170221587506,NA,"1",50,0.01
"1.4V",68,"2","training",2024-04-19,2024-04-19 05:59:48,"am","L","1","L",115.170221587506,NA,"1",50,0.01
"1.4V",69,"1","testing",2024-04-19,2024-04-19 18:54:05,"pm","L","2","R",115.170221587506,NA,"0",180,0.028
"1.4V",70,"1","testing",2024-04-20,2024-04-20 05:51:56,"am","R","2","R",115.170221587506,NA,"1",180,0.028
"1.4V",71,"1","testing",2024-04-21,2024-04-21 05:53:08,"am","R","2","L",115.170221587506,NA,"1",180,0.028
"1.4V",72,"1","testing",2024-04-22,2024-04-22 05:47:46,"am","R","2","R",115.170221587506,NA,"0",180,0.028
"1.4V",73,"1","testing",2024-04-23,2024-04-23 05:52:03,"am","L","2","L",115.170221587506,NA,"1",180,0.028
"1.4V",74,"1","testing",2024-04-24,2024-04-24 05:57:42,"am","L","2","R",115.170221587506,NA,"0",180,0.028
"1.4V",75,"1","testing",2024-04-26,2024-04-26 18:51:36,"pm","L","3","L",57.5852434358581,NA,"1",312,0.095
"1.4V",76,"1","testing",2024-04-28,2024-04-28 05:49:24,"am","R","2","R",57.5852434358581,NA,"0",180,0.055
"1.4V",77,"1","testing",2024-04-28,2024-04-28 18:46:56,"pm","R","2","L",57.5852434358581,NA,"0",180,0.055
"1.4V",78,NA,"testing",2024-04-30,2024-04-30 05:52:12,"am","L","2","L",57.5852434358581,NA,"1",180,0.055
"1.4V",79,"1","testing",2024-04-30,2024-04-30 18:56:52,"pm","L","2","R",57.5852434358581,NA,"1",180,0.055
"1.4V",80,"1","testing",2024-05-01,2024-05-01 05:50:44,"am","R","2","L",57.5852434358581,NA,"1",180,0.055
"1.4V",81,"1","testing",2024-05-01,2024-05-01 18:40:29,"pm","L","2","L",57.5852434358581,NA,"1",180,0.055
"1.4V",82,"1","testing",2024-05-02,2024-05-02 06:12:08,"am","L","2","R",57.5852434358581,NA,"0",180,0.055
"1.4V",83,"1","testing",2024-05-02,2024-05-02 18:49:45,"pm","R","2","L",57.5852434358581,NA,"1",180,0.055
"1.4V",84,"1","testing",2024-05-03,2024-05-03 05:50:28,"am","L","2","R",57.5852434358581,NA,"1",180,0.055
"1.4V",85,"1","testing",2024-05-03,2024-05-03 18:47:10,"pm","R","2","R",57.5852434358581,NA,"1",180,0.055
"1.4V",86,"1","testing",2024-05-04,2024-05-04 05:55:19,"am","L","2","L",19.1950369312511,NA,"0",180,0.164
"1.4V",87,"1","testing",2024-05-05,2024-05-05 18:51:04,"pm","R","2","L",19.1950369312511,NA,"0",180,0.164
"1.4V",88,"1","testing",2024-05-06,2024-05-06 05:45:47,"am","L","2","R",57.5852434358581,NA,"1",180,0.055
"1.4V",89,"1","testing",2024-05-06,2024-05-06 18:51:44,"pm","L","2","L",57.5852434358581,NA,"0",180,0.055
"1.4V",90,"1","testing",2024-05-07,2024-05-07 18:59:10,"pm","L",NA,"R",19.1950369312511,NA,"1",NA,NA
"1.4V",91,"1","training",2024-05-08,2024-05-08 05:54:39,"am","R","1","R",57.5852434358581,NA,"1",50,0.017
"1.4V",92,"1","testing",2024-05-08,2024-05-08 18:56:43,"pm","L","2","R",57.5852434358581,NA,"1",180,0.055
"1.4V",93,"1","testing",2024-05-09,2024-05-09 05:50:36,"am","R","2","R",19.1950369312511,NA,"1",180,0.164
"1.4V",94,"1","testing",2024-05-09,2024-05-09 18:50:42,"pm","R","2","R",19.1950369312511,NA,"1",180,0.164
"1.4V",95,"1","testing",2024-05-11,2024-05-11 05:42:45,"am","R","2","R",19.1950369312511,NA,"0",180,0.164
"1.4V",96,"1","testing",2024-05-12,2024-05-12 05:48:04,"am","L","2","L",57.5852434358581,NA,"1",180,0.055
"1.4V",97,"1","testing",2024-05-12,2024-05-12 18:59:39,"pm","L","2","R",19.1950369312511,NA,"0",180,0.164
"1.4V",98,"1","testing",2024-05-13,2024-05-13 05:46:22,"am","R","2","L",57.5852434358581,NA,"1",180,0.055
"1.4V",99,"1","testing",2024-05-13,2024-05-13 18:50:06,"pm","L","2","R",19.1950369312511,NA,"1",180,0.164
"1.4V",100,"1","testing",2024-05-14,2024-05-14 05:51:50,"am","R","2","L",57.5852434358581,NA,"1",180,0.055
"1.4V",100,"2","testing",2024-05-14,2024-05-14 05:55:32,"am","L","2","L",57.5852434358581,NA,"1",180,0.055
"1.4V",101,"1","testing",2024-05-15,2024-05-15 05:48:42,"am","L","2","R",28.7925885573646,NA,"1",180,0.109
"1.4V",101,"2","testing",2024-05-15,2024-05-15 05:56:29,"am","R","2","R",28.7925885573646,NA,"1",180,0.109
"1.4V",102,"1","training",2024-05-15,2024-05-15 18:56:48,"pm","R","2","L",57.5852434358581,NA,"0",180,0.055
"1.4V",103,"1","training",2024-05-16,2024-05-16 05:44:24,"am","L","2","L",28.7925885573646,NA,"0",180,0.109
"1.4V",103,"2","training",2024-05-16,2024-05-16 05:44:54,"am","L","2","L",28.7925885573646,NA,"1",180,0.109
"1.4V",103,"3","training",2024-05-16,2024-05-16 06:20:50,"am","L","2","L",57.5852434358581,NA,"0",180,0.055
"1.4V",104,"1","training",2024-05-16,2024-05-16 18:49:53,"pm","L","2","R",57.5852434358581,NA,"1",180,0.055
"1.4V",104,"2","training",2024-05-16,2024-05-16 18:51:21,"pm","L","2","R",57.5852434358581,NA,"0",180,0.055
"1.4V",105,"1","training",2024-05-17,2024-05-17 05:49:52,"am","R","2","R",28.7925885573646,NA,"1",180,0.109
"1.4V",105,"2","training",2024-05-17,2024-05-17 05:55:29,"am","R","2","R",28.7925885573646,NA,"1",180,0.109
"1.4V",106,"1","training",2024-05-17,2024-05-17 18:37:28,"pm","R","2","R",28.7925885573646,NA,"1",180,0.109
"1.4V",107,"1","training",2024-05-18,2024-05-18 05:22:53,"am","L","2","L",57.5852434358581,NA,"0",180,0.055
"1.4V",107,"2","training",2024-05-18,2024-05-18 05:39:24,"am","L","2","R",28.7925885573646,NA,"1",180,0.109
"1.4V",107,"3","training",2024-05-18,2024-05-18 05:50:28,"am","R","2","R",28.7925885573646,NA,"1",180,0.109
"1.4V",107,"4","training",2024-05-18,2024-05-18 05:53:17,"am",NA,"2","R",28.7925885573646,NA,"1",180,0.109
"1.4V",108,"1","training",2024-05-19,2024-05-19 05:49:41,"am","L","2","L",28.7925885573646,NA,"0",180,0.109
"1.4V",108,"2","training",2024-05-19,2024-05-19 06:23:44,"am","L","2","L",28.7925885573646,NA,"0",180,0.109
"1.4V",109,"1","training",2024-05-20,2024-05-20 05:49:46,"am","L","2","L",28.7925885573646,NA,"0",180,0.109
"1.4V",109,"2","training",2024-05-20,2024-05-20 05:52:35,"am","L","2","L",28.7925885573646,NA,"0",180,0.109
"1.4V",110,"1","testing",2024-05-21,2024-05-21 05:48:27,"am","L","2","L",28.7925885573646,NA,"0",180,0.109
"1.4V",110,"2","testing",2024-05-21,2024-05-21 05:58:30,"am","L","2","L",28.7925885573646,NA,"0",180,0.109
"1.4V",111,"1","testing",2024-05-21,2024-05-21 18:57:05,"pm","L","2","L",57.5852434358581,NA,"1",180,0.055
"1.4V",112,"1","testing",2024-05-22,2024-05-22 05:48:18,"am","L","2","R",28.7925885573646,NA,"1",180,0.109
"1.4V",112,"2","testing",2024-05-22,2024-05-22 05:55:03,"am","L","2","R",28.7925885573646,NA,"0",180,0.109
"1.4V",113,"1","testing",2024-05-22,2024-05-22 18:58:48,"pm","R","2","L",57.5852434358581,NA,"1",180,0.055
"1.4V",114,"1","testing",2024-05-24,2024-05-24 05:51:32,"am","L","2","R",28.7925885573646,NA,"1",180,0.109
"1.4V",114,"2","testing",2024-05-24,2024-05-24 05:58:07,"am","L","2","R",28.7925885573646,NA,"1",180,0.109
"1.4V",115,"1","testing",2024-05-25,2024-05-25 18:57:05,"pm","R","2","R",28.7925885573646,NA,"0",180,0.109
"1.4V",116,"1","testing",2024-05-26,2024-05-26 05:46:53,"am","R","2","L",28.7925885573646,NA,"0",180,0.109
"1.4V",116,"2","testing",2024-05-26,2024-05-26 05:47:39,"am","R","2","L",28.7925885573646,NA,"0",180,0.109
"1.4V",117,"1","testing",2024-05-27,2024-05-27 05:41:43,"am","R","2","R",28.7925885573646,NA,"1",180,0.109
"1.4V",117,"2","testing",2024-05-27,2024-05-27 05:45:32,"am","R","2","R",28.7925885573646,NA,"1",180,0.109
"1.4V",118,"1","testing",2024-05-31,2024-05-31 19:05:01,"pm","R","2","L",38.3901328145035,NA,"0",180,0.082
"1.4V",119,"1","testing",2024-06-01,2024-06-01 05:31:04,"am","L","2","L",38.3901328145035,NA,"0",180,0.082
"1.4V",119,"2","testing",2024-06-01,2024-06-01 05:42:57,"am","L","2","L",38.3901328145035,NA,"0",180,0.082
"1.4V",120,"1","testing",2024-06-02,2024-06-02 05:38:06,"am","L","2","R",38.3901328145035,NA,"1",180,0.082
"1.4V",120,"2","testing",2024-06-02,2024-06-02 05:45:37,"am","R","2","R",38.3901328145035,NA,"1",180,0.082
"1.4V",120,"3","testing",2024-06-02,2024-06-02 05:55:08,"am","R","2","R",38.3901328145035,NA,"1",180,0.082
"1.4V",121,"1","testing",2024-06-02,2024-06-02 18:52:53,"pm","R","2","R",38.3901328145035,NA,"1",180,0.082
"1.4V",121,"2","testing",2024-06-02,2024-06-02 19:08:18,"pm","R","2","R",38.3901328145035,NA,"1",180,0.082
"1.4V",122,"1","testing",2024-06-03,2024-06-03 05:39:01,"am","R","2","L",38.3901328145035,NA,"0",180,0.082
"1.4V",122,"2","testing",2024-06-03,2024-06-03 05:56:07,"am","R","2","L",38.3901328145035,NA,"0",180,0.082
"1.4V",123,"1","testing",2024-06-03,2024-06-03 19:02:40,"pm","L","2","L",38.3901328145035,NA,"0",180,0.082
"1.4V",124,"1","testing",2024-06-04,2024-06-04 05:32:38,"am","L","2","R",38.3901328145035,NA,"1",180,0.082
"1.4V",124,"2","testing",2024-06-04,2024-06-04 05:54:31,"am","R","2","R",38.3901328145035,NA,"1",180,0.082
"1.4V",125,"1","testing",2024-06-05,2024-06-05 05:33:59,"am","R","2","L",38.3901328145035,NA,"0",180,0.082
"1.4V",125,"2","testing",2024-06-05,2024-06-05 06:07:11,"am","L","2","L",38.3901328145035,NA,"0",180,0.082
"1.4V",126,"1","testing",2024-06-06,2024-06-06 05:30:19,"am","L","2","L",38.3901328145035,NA,"0",180,0.082
"1.4V",126,"2","testing",2024-06-06,2024-06-06 05:50:11,"am","L","2","L",38.3901328145035,NA,"0",180,0.082
"1.4V",126,"3","testing",2024-06-06,2024-06-06 05:58:56,"am","L","2","L",38.3901328145035,NA,"0",180,0.082
"1.4V",126,"4","testing",2024-06-06,2024-06-06 06:07:39,"am","L","2","L",38.3901328145035,NA,"1",180,0.082
"1.4V",127,"1","testing",2024-06-06,2024-06-06 18:50:40,"pm","L","2","R",38.3901328145035,NA,"1",180,0.082
"1.4V",127,"2","testing",2024-06-06,2024-06-06 19:05:05,"pm","L","2","R",38.3901328145035,NA,"1",180,0.082
"1.4V",128,"1","testing",2024-06-07,2024-06-07 05:36:59,"am","R","2","R",38.3901328145035,NA,"1",180,0.082
"1.4V",128,"2","testing",2024-06-07,2024-06-07 06:06:30,"am","R","2","R",38.3901328145035,NA,"1",180,0.082
"1.4V",129,"1","testing",2024-06-07,2024-06-07 19:08:35,"pm","R","2","L",38.3901328145035,NA,"0",180,0.082
"1.4V",130,"1","testing",2024-06-08,2024-06-08 05:30:18,"am","L","2","L",38.3901328145035,NA,"0",180,0.082
"1.4V",130,"2","testing",2024-06-08,2024-06-08 05:50:12,"am","L","2","L",38.3901328145035,NA,"0",180,0.082
"1.4V",130,"3","testing",2024-06-08,2024-06-08 06:07:37,"am","L","2","L",38.3901328145035,NA,"1",180,0.082
"1.4V",131,"1","testing",2024-06-08,2024-06-08 19:01:37,"pm","L","2","L",115.170221587506,NA,"1",180,0.028
"1.4V",132,"1","testing",2024-06-09,2024-06-09 05:26:52,"am","L","2","L",115.170221587506,NA,"1",180,0.028
"1.4V",132,"2","testing",2024-06-09,2024-06-09 06:08:39,"am","L","2","R",115.170221587506,NA,"1",180,0.028
"1.4V",133,"1","testing",2024-06-10,2024-06-10 18:37:38,"pm","L","2","L",115.170221587506,NA,"1",180,0.028
"1.4V",134,"1","testing",2024-06-11,2024-06-11 19:05:03,"pm","L","2","R",115.170221587506,NA,"1",180,0.028
"1.4V",135,"1","testing",2024-06-12,2024-06-12 05:26:46,"am","R","2","L",115.170221587506,NA,"1",180,0.028
"1.4V",135,"2","testing",2024-06-12,2024-06-12 05:48:28,"am","L","2","L",115.170221587506,NA,"1",180,0.028
"1.4V",136,"1","testing",2024-06-12,2024-06-12 19:11:28,"pm","L","2","R",115.170221587506,NA,"0",180,0.028
"1.4V",137,"1","testing",2024-06-13,2024-06-13 05:43:35,"am","R","2","R",115.170221587506,NA,"1",180,0.028
"1.4V",137,"2","testing",2024-06-13,2024-06-13 05:53:58,"am","R","2","R",115.170221587506,NA,"1",180,0.028
"1.4V",137,"3","testing",2024-06-13,2024-06-13 06:05:15,"am","R","2","R",115.170221587506,NA,"1",180,0.028
"1.4V",138,"1","testing",2024-06-13,2024-06-13 18:30:05,"pm","R","2","R",115.170221587506,NA,"1",180,0.028
"1.4V",138,"2","testing",2024-06-13,2024-06-13 18:51:59,"pm","R","2","L",115.170221587506,NA,"1",180,0.028
"1.4V",138,"3","testing",2024-06-13,2024-06-13 19:01:37,"pm","L","2","L",115.170221587506,NA,"1",180,0.028
"1.4V",139,"1","testing",2024-06-14,2024-06-14 05:44:58,"am","L","2","L",115.170221587506,NA,"1",180,0.028
"1.4V",139,"2","testing",2024-06-14,2024-06-14 06:05:22,"am","L","2","L",115.170221587506,NA,"1",180,0.028
"1.4V",140,"1","testing",2024-06-14,2024-06-14 18:59:44,"pm","L","2","R",115.170221587506,NA,"0",180,0.028
"1.4V",141,"1","testing",2024-06-16,2024-06-16 19:07:46,"pm","L","2","R",115.170221587506,NA,"1",180,0.028
"1.4V",142,"1",NA,2024-06-21,2024-06-21 18:56:07,"pm","R","2","L",115.170221587506,NA,"1",180,0.028
"1.4V",143,"1",NA,2024-06-22,2024-06-22 05:25:33,"am","L","2","R",115.170221587506,NA,"1",180,0.028
"1.4V",143,"2",NA,2024-06-22,2024-06-22 05:38:55,"am","R","3","R",115.170221587506,NA,"0",312,0.048
"1.4V",143,"3",NA,2024-06-22,2024-06-22 05:59:21,"am","R","3","R",115.170221587506,NA,"1",312,0.048
"1.4V",144,"1",NA,2024-06-23,2024-06-23 19:02:41,"pm","R","2","R",115.170221587506,NA,"1",180,0.028
"1.4V",145,"1",NA,2024-06-24,2024-06-24 18:58:55,"pm","R","2","L",115.170221587506,NA,"0",180,0.028
"1.4V",146,"1",NA,2024-06-25,2024-06-25 19:06:29,"pm","L","2","R",115.170221587506,NA,"1",180,0.028
"1.4V",147,"1",NA,2024-06-26,2024-06-26 19:00:52,"pm","R","2","R",115.170221587506,NA,"1",180,0.028
"1.4V",148,"1",NA,2024-06-27,2024-06-27 19:02:34,"pm","R","2","L",115.170221587506,NA,"0",180,0.028
"1.4V",149,"1",NA,2024-06-28,2024-06-28 19:08:52,"pm","L","2","R",115.170221587506,NA,"1",180,0.028
"1.5H",150,"1","training",2024-04-18,2024-04-18 06:18:12,"am","L","1","L",57.5852434358581,NA,"1",50,0.017
"1.5H",151,"1","training",2024-04-18,2024-04-18 18:57:05,"pm","R","1","R",115.170221587506,NA,"1",50,0.01
"1.5H",152,"1","training",2024-04-19,2024-04-19 06:03:49,"am","R","1","R",115.170221587506,NA,"1",50,0.01
"1.5H",153,"1","training",2024-04-19,2024-04-19 18:50:55,"pm","R","2","L",115.170221587506,NA,"1",180,0.028
"1.5H",154,"1","training",2024-04-20,2024-04-20 05:52:08,"am","L","2","L",115.170221587506,NA,"1",180,0.028
"1.5H",155,"1","training",2024-04-20,2024-04-20 18:50:30,"pm","R","2","L",115.170221587506,NA,"0",180,0.028
"1.5H",156,"1","training",2024-04-21,2024-04-21 06:10:56,"am","L","2","R",115.170221587506,NA,"1",180,0.028
"1.5H",157,"1","training",2024-04-21,2024-04-21 18:58:16,"pm","R","2","L",115.170221587506,NA,"1",180,0.028
"1.5H",158,"1","training",2024-04-22,2024-04-22 05:40:05,"am","L","2","L",115.170221587506,NA,"0",180,0.028
"1.5H",158,"2","training",2024-04-22,2024-04-22 05:52:22,"am","L","2","L",115.170221587506,NA,"0",180,0.028
"1.5H",159,"1","training",2024-04-22,2024-04-22 18:50:37,"pm","L","2","L",115.170221587506,NA,"1",180,0.028
"1.5H",160,"1","training",2024-04-23,2024-04-23 05:50:35,"am","R","2","R",115.170221587506,NA,"1",180,0.028
"1.5H",160,"2","training",2024-04-23,2024-04-23 05:57:35,"am","R","2","R",115.170221587506,NA,"1",180,0.028
"1.5H",161,"1","training",2024-04-24,2024-04-24 05:57:37,"am","R","2","L",115.170221587506,NA,"0",180,0.028
"1.5H",161,"2","training",2024-04-24,2024-04-24 06:05:41,"am","L","2","L",115.170221587506,NA,"0",180,0.028
"1.5H",162,"1","testing",2024-04-24,2024-04-24 18:49:21,"pm","L","3","R",57.5852434358581,NA,"1",312,0.095
"1.5H",163,"1","testing",2024-04-27,2024-04-27 18:45:21,"pm","L","2","L",57.5852434358581,NA,"0",180,0.055
"1.5H",164,"1","testing",2024-04-28,2024-04-28 18:46:45,"pm","L","2","R",57.5852434358581,NA,"1",180,0.055
"1.5H",165,"1","testing",2024-04-29,2024-04-29 05:55:17,"am","R","2","L",57.5852434358581,NA,"1",180,0.055
"1.5H",166,"1","testing",2024-04-30,2024-04-30 05:58:27,"am","R","2","R",57.5852434358581,NA,"1",180,0.055
"1.5H",167,"1","testing",2024-05-01,2024-05-01 05:49:53,"am","L","2","R",57.5852434358581,NA,"1",180,0.055
"1.5H",168,"1","testing",2024-05-02,2024-05-02 05:55:16,"am","R","2","L",57.5852434358581,NA,"0",180,0.055
"1.5H",168,"2","testing",2024-05-02,2024-05-02 06:09:36,"am","R","2","L",57.5852434358581,NA,"1",180,0.055
"1.5H",169,"1","testing",2024-05-03,2024-05-03 05:55:17,"am","L","2","L",57.5852434358581,NA,"0",180,0.055
"1.5H",170,"1","testing",2024-05-04,2024-05-04 05:56:45,"am","R","2","R",19.1950369312511,NA,"1",180,0.164
"1.5H",171,"1","testing",2024-05-06,2024-05-06 19:09:00,"pm","L","2","R",57.5852434358581,NA,"0",180,0.055
"1.5H",172,"1","training",2024-05-08,2024-05-08 06:00:26,"am","L","1","L",57.5852434358581,NA,"1",50,0.017
"1.5H",173,"1","testing",2024-05-08,2024-05-08 18:55:12,"pm","L","2","R",57.5852434358581,NA,"0",180,0.055
"1.5H",174,"1","testing",2024-05-09,2024-05-09 06:00:51,"am","L","2","L",19.1950369312511,NA,"0",180,0.164
"1.5H",175,"1","testing",2024-05-09,2024-05-09 18:40:55,"pm","L","2","L",19.1950369312511,NA,"0",180,0.164
"1.5H",175,"2","testing",2024-05-09,2024-05-09 18:47:18,"pm","L","2","L",19.1950369312511,NA,"0",180,0.164
"1.5H",176,"1","testing",2024-05-10,2024-05-10 05:52:09,"am","L","2","R",57.5852434358581,NA,"1",180,0.055
"1.5H",177,"1","testing",2024-05-10,2024-05-10 18:56:42,"pm","R","2","L",57.5852434358581,NA,"0",180,0.055
"1.5H",178,"1","testing",2024-05-11,2024-05-11 05:43:12,"am","L","2","R",19.1950369312511,NA,"1",180,0.164
"1.5H",178,"2","testing",2024-05-11,2024-05-11 05:55:28,"am","R","2","R",19.1950369312511,NA,"1",180,0.164
"1.5H",179,"1","testing",2024-05-13,2024-05-13 05:55:07,"am","R","2","R",57.5852434358581,NA,"1",180,0.055
"1.5H",180,"1","testing",2024-05-13,2024-05-13 18:56:24,"pm","R","2","L",19.1950369312511,NA,"0",180,0.164
"1.5H",181,"1","testing",2024-05-14,2024-05-14 05:56:14,"am","R","2","R",57.5852434358581,NA,"1",180,0.055
"1.5H",181,"2","testing",2024-05-14,2024-05-14 06:00:40,"am","R","2","R",57.5852434358581,NA,"1",180,0.055
"2.1",182,"1",NA,2024-02-22,2024-02-22 06:15:20,"am","L","1","L",NA,NA,"1",50,NA
"2.1",182,"2",NA,2024-02-22,2024-02-22 06:27:41,"am","L","1","L",NA,NA,"0",50,NA
"2.1",182,"3",NA,2024-02-22,2024-02-22 06:31:56,"am","L","1","L",NA,NA,"1",50,NA
"2.1",183,"1",NA,2024-02-22,2024-02-22 19:00:52,"pm","L","1","R",NA,NA,"1",50,NA
"2.1",184,"1",NA,2024-02-23,2024-02-23 06:13:15,"am","R","2","L",NA,NA,"1",180,NA
"2.1",184,"2",NA,2024-02-23,2024-02-23 06:27:41,"am","L","2","L",NA,NA,"1",180,NA
"2.1",185,"1",NA,2024-02-24,2024-02-24 18:56:58,"pm","L","3","R",NA,NA,"0",312,NA
"2.1",185,"2",NA,2024-02-24,2024-02-24 18:57:34,"pm","L","3","R",NA,NA,"0",312,NA
"2.1",186,"1",NA,2024-02-25,2024-02-25 18:55:54,"pm","R","2","L",NA,NA,"0",180,NA
"2.1",187,"1",NA,2024-02-26,2024-02-26 06:04:01,"am","L","3","R",NA,NA,"1",312,NA
"2.1",187,"2",NA,2024-02-26,2024-02-26 06:28:30,"am","R","3","R",NA,NA,"0",312,NA
"2.1",188,"1",NA,2024-03-21,2024-03-21 06:35:57,"am","R","3","L",38.3901328145035,NA,"1",312,0.142
"2.1",189,"1",NA,2024-03-21,2024-03-21 18:41:54,"pm","R","3","L",115.170221587506,NA,"1",312,0.048
"2.1",190,"1",NA,2024-03-22,2024-03-22 06:19:00,"am","L","3","R",57.5852434358581,NA,"0",312,0.095
"2.1",191,"1",NA,2024-03-22,2024-03-22 18:35:44,"pm","R","3","L",57.5852434358581,NA,"0",312,0.095
"2.1",192,"1",NA,2024-03-23,2024-03-23 06:28:57,"am","L","3","R",38.3901328145035,NA,"1",312,0.142
"2.2000000000000002",193,"1",NA,2024-02-23,2024-02-23 06:13:15,"am","L","2","R",NA,NA,"1",180,NA
"2.2000000000000002",193,"2",NA,2024-02-23,2024-02-23 06:27:39,"am","L","2","R",NA,NA,"1",180,NA
"2.2000000000000002",194,"1",NA,2024-02-23,2024-02-23 18:49:37,"pm","R","1","R",NA,NA,"1",50,NA
"2.2000000000000002",195,"1",NA,2024-02-26,2024-02-26 18:53:13,"pm","R","1","L",NA,NA,"1",50,NA
"2.2000000000000002",196,"1",NA,2024-02-27,2024-02-27 06:21:05,"am","L","2","R",NA,NA,"1",180,NA
"2.2000000000000002",196,"2",NA,2024-02-27,2024-02-27 06:27:33,"am","R","2","L",NA,NA,"0",180,NA
"2.2999999999999998",197,"1",NA,2024-02-27,2024-02-27 18:48:37,"pm","L","1","L",NA,NA,"1",50,NA
"2.2999999999999998",198,"1",NA,2024-02-28,2024-02-28 06:09:00,"am","L","1","L",NA,NA,"1*",50,NA
"2.6",199,"1",NA,2024-03-01,2024-03-01 18:49:59,"pm","R","1","R",57.5852434358581,NA,"1",50,0.017
"2.6",200,"1",NA,2024-03-04,2024-03-04 06:25:01,"am","?","1","?",57.5852434358581,NA,"1",50,0.017
"2.6",201,"1",NA,2024-03-04,2024-03-04 18:46:23,"pm","R","1","R",57.5852434358581,NA,"1",50,0.017
"2.6",202,"1",NA,2024-03-05,2024-03-05 06:31:51,"am","R","3","R",57.5852434358581,NA,"1",312,0.095
"2.6",203,"1",NA,2024-03-05,2024-03-05 18:42:52,"pm","L","3","L",57.5852434358581,NA,"0",312,0.095
"2.6",204,"1",NA,2024-03-06,2024-03-06 06:17:08,"am","L","3","R",57.5852434358581,NA,"1",312,0.095
"2.6",205,"1",NA,2024-03-07,2024-03-07 06:28:07,"am","R","3","L",115.170221587506,NA,"0",312,0.048
"2.6",206,"1",NA,2024-03-07,2024-03-07 18:50:37,"pm","L","3","R",57.5852434358581,NA,"1",312,0.095
"2.6",207,"1",NA,2024-03-08,2024-03-08 06:32:16,"am","R","3","L",38.3901328145035,NA,"0",312,0.142
"2.6",208,"1",NA,2024-03-08,2024-03-08 18:46:39,"pm","L","3","R",57.5852434358581,NA,"0",312,0.095
"2.6",209,"1",NA,2024-03-11,2024-03-11 06:33:55,"am","L","3","R",115.170221587506,NA,"0",312,0.048
"2.6",210,"1",NA,2024-03-11,2024-03-11 18:39:48,"pm","L","3","R",38.3901328145035,NA,"0",312,0.142
"2.6",211,"1",NA,2024-03-12,2024-03-12 06:24:01,"am","R","3","L",38.3901328145035,NA,"1",312,0.142
"2.6",212,"1",NA,2024-03-12,2024-03-12 18:32:44,"pm","L","3","R",115.170221587506,NA,"0",312,0.048
"2.6",213,"1",NA,2024-03-13,2024-03-13 06:18:32,"am","R","3","L",115.170221587506,NA,"1",312,0.048
"2.6",214,"1",NA,2024-03-13,2024-03-13 18:39:14,"pm","L","3","R",115.170221587506,NA,"0",312,0.048
"2.6",215,"1",NA,2024-03-14,2024-03-14 06:24:31,"am","R","3","L",115.170221587506,NA,"0",312,0.048
"2.6",216,"1",NA,2024-03-14,2024-03-14 18:47:27,"pm","L","3","R",115.170221587506,NA,"1",312,0.048
"2.6",217,"1",NA,2024-03-15,2024-03-15 06:22:59,"am","R","3","L",115.170221587506,NA,"1",312,0.048
"2.6",218,"1",NA,2024-03-15,2024-03-15 18:44:59,"pm","L","3","R",115.170221587506,NA,"0",312,0.048
"2.6",219,"1",NA,2024-03-16,2024-03-16 06:20:11,"am","R","3","L",115.170221587506,NA,"1",312,0.048
"2.6",220,"1",NA,2024-03-16,2024-03-16 18:51:06,"pm","L","3","R",115.170221587506,NA,"0",312,0.048
"2.6",221,"1",NA,2024-03-17,2024-03-17 06:15:57,"am","R","2","L",38.3901328145035,NA,"1",180,0.082
"2.6",221,"2",NA,2024-03-17,2024-03-17 06:23:11,"am","L","2","L",38.3901328145035,NA,"1",180,0.082
"2.6",222,"1",NA,2024-03-17,2024-03-17 18:32:54,"pm","L","3","L",115.170221587506,NA,"1",312,0.048
"2.6",222,"2",NA,2024-03-17,2024-03-17 18:48:23,"pm",NA,"2","R",38.3901328145035,NA,"0",180,0.082
"2.6",223,"1",NA,2024-03-18,2024-03-18 06:13:21,"am","R","3","L",115.170221587506,NA,"1",312,0.048
"2.6",224,"1",NA,2024-03-19,2024-03-19 06:28:24,"am","R","3","L",57.5852434358581,NA,"1",312,0.095
"2.6",225,"1",NA,2024-03-19,2024-03-19 18:30:30,"pm","L","3","R",57.5852434358581,NA,"0",312,0.095
"2.6",225,"2",NA,2024-03-19,2024-03-19 18:43:58,"pm","R","3","R",57.5852434358581,NA,"0",312,0.095
"2.6V",226,"1",NA,2024-03-24,2024-03-24 06:10:38,"am","R","3","L",115.170221587506,NA,"0",312,0.048
"2.6V",226,"2",NA,2024-03-24,2024-03-24 06:25:09,"am","L","3","L",115.170221587506,NA,"0",312,0.048
"2.6V",227,"1",NA,2024-03-24,2024-03-24 18:34:17,"pm","L","3","R",57.5852434358581,NA,"1",312,0.095
"2.6V",228,"1",NA,2024-03-25,2024-03-25 18:38:19,"pm","R","3","L",38.3901328145035,NA,"0",312,0.142
"2.6V",229,"1",NA,2024-03-26,2024-03-26 06:09:40,"am","L","3","R",115.170221587506,NA,"0",312,0.048
"2.6V",230,"1",NA,2024-03-27,2024-03-27 06:22:59,"am","R","3","L",57.5852434358581,NA,"0",312,0.095
"2.6V",231,"1",NA,2024-03-28,2024-03-28 06:18:24,"am","L","3","R",38.3901328145035,NA,"0",312,0.142
"2.6V",232,"1",NA,2024-03-29,2024-03-29 06:17:49,"am","R","3","L",115.170221587506,NA,"1",312,0.048
"2.6V",233,"1",NA,2024-03-30,2024-03-30 06:15:39,"am","L","3","R",57.5852434358581,NA,"0",312,0.095
"2.6V",234,"1",NA,2024-03-31,2024-03-31 18:40:22,"pm","R","3","L",38.3901328145035,NA,"0",312,0.142
"2.6V",235,"1",NA,2024-04-01,2024-04-01 06:30:06,"am","L","3","R",115.170221587506,NA,"1",312,0.048
"2.6V",236,"1",NA,2024-04-03,2024-04-03 18:46:34,"pm","R","3","L",115.170221587506,NA,"0",312,0.048
"2.6V",237,"1",NA,2024-04-04,2024-04-04 18:43:58,"pm","L","3","R",57.5852434358581,NA,"0",312,0.095
"2.6V",238,"1",NA,2024-04-05,2024-04-05 18:42:29,"pm","R","3","L",38.3901328145035,NA,"1",312,0.142
"2.6V",239,"1",NA,2024-04-08,2024-04-08 06:20:31,"am","L","3","R",38.3901328145035,NA,"0",312,0.142
"2.6V",240,"1",NA,2024-04-09,2024-04-09 06:32:13,"am","R","3","R",115.170221587506,NA,"0",312,0.048
"2.6V",241,"1",NA,2024-04-09,2024-04-09 18:36:19,"pm","R","3","L",38.3901328145035,NA,"1",312,0.142
"2.6V",242,"1",NA,2024-04-10,2024-04-10 06:13:53,"am","L","3","R",19.1950369312511,NA,"0",312,0.284
"2.6V",243,"1",NA,2024-04-11,2024-04-11 06:09:45,"am","R","3","R",19.1950369312511,NA,"0",312,0.284
"2.6V",244,"1",NA,2024-04-12,2024-04-12 18:21:18,"pm","L","2","R",38.3901328145035,NA,"0",180,0.082
"2.6V",245,"1",NA,2024-04-15,2024-04-15 06:22:52,"am","R","3","R",19.1950369312511,NA,"0",312,0.284
"2.6V",246,"1",NA,2024-04-16,2024-04-16 06:15:24,"am","R","2","L",19.1950369312511,NA,"1",180,0.164
"2.6V",247,"1",NA,2024-04-16,2024-04-16 18:38:48,"pm","L","2","R",115.170221587506,NA,"1",180,0.028
"2.6V",248,"1",NA,2024-04-18,2024-04-18 06:44:29,"am","L","2","L",115.170221587506,NA,"1",180,0.028
"2.6V",249,"1",NA,2024-04-18,2024-04-18 18:46:54,"pm","R","2","R",115.170221587506,NA,"1",180,0.028
"2.6V",250,"1",NA,2024-04-19,2024-04-19 18:38:21,"pm","R","1","R",115.170221587506,NA,"1",50,0.01
"2.6V",251,"1",NA,2024-04-27,2024-04-27 18:29:19,"pm","L","1","L",115.170221587506,NA,"1",50,0.01
"2.6V",252,"1",NA,2024-04-28,2024-04-28 06:31:49,"am","L","1","L",115.170221587506,NA,"1",50,0.01
"2.6V",253,"1",NA,2024-04-28,2024-04-28 18:31:26,"pm","L","1","L",115.170221587506,NA,"1",50,0.01
"2.6V",254,"1",NA,2024-04-29,2024-04-29 06:14:00,"am","L","2","R",57.5852434358581,NA,"0",180,0.055
"2.6V",255,"1",NA,2024-04-29,2024-04-29 18:30:42,"pm","R","2","R",57.5852434358581,NA,"1",180,0.055
"2.6V",256,"1","testing",2024-04-30,2024-04-30 06:43:48,"am","L","2","L",57.5852434358581,NA,"1",180,0.055
"2.6V",257,"1",NA,2024-04-30,2024-04-30 18:29:30,"pm","L","2","L",57.5852434358581,NA,"1",180,0.055
"2.6V",258,"1",NA,2024-05-01,2024-05-01 18:26:58,"pm","R","2","R",57.5852434358581,NA,"0",180,0.055
"2.6V",259,"1",NA,2024-05-02,2024-05-02 07:30:46,"am","L","2","L",57.5852434358581,NA,"1",180,0.055
"2.6V",260,"1",NA,2024-05-02,2024-05-02 18:42:11,"pm","L","2","R",57.5852434358581,NA,"0",180,0.055
"2.6V",261,"2",NA,2024-05-03,2024-05-03 06:39:12,"am","R","3","R",57.5852434358581,NA,"0",312,0.095
"2.6V",261,"1",NA,2024-05-03,2024-05-03 06:15:35,"am","R","3","R",57.5852434358581,NA,"0",312,0.095
"2.6V",262,"1",NA,2024-05-03,2024-05-03 18:51:36,"pm","R","2","L",57.5852434358581,NA,"1",180,0.055
"2.8H",263,"1",NA,2024-04-23,2024-04-23 18:43:54,"pm","L","1","L",115.170221587506,NA,"1",50,0.01
"2.8H",264,"1","testing or training? Not sure what to do with ?H",2024-04-30,2024-04-30 06:21:53,"am","R","2","R",57.5852434358581,NA,"0",180,0.055
"2.8H",265,"1",NA,2024-04-30,2024-04-30 18:48:04,"pm","R","2","L",57.5852434358581,NA,"0",180,0.055
"2.8H",266,"1",NA,2024-05-01,2024-05-01 05:29:49,"am","R","2","R",57.5852434358581,NA,"0",180,0.055
"2.8H",266,"2",NA,2024-05-01,2024-05-01 05:59:34,"am","R","2","L",57.5852434358581,NA,"0",180,0.055
"2.8H",266,"3",NA,2024-05-01,2024-05-01 06:16:26,"am","L","1","L",57.5852434358581,NA,"0",50,0.017
"2.8H",267,"1",NA,2024-05-01,2024-05-01 18:42:59,"pm","L","2","L",57.5852434358581,NA,"0",180,0.055
"2.8H",267,"2",NA,2024-05-01,2024-05-01 18:50:03,"pm","L","2","L",57.5852434358581,NA,"0",180,0.055
"2.8H",268,"1",NA,2024-05-02,2024-05-02 05:58:57,"am","R","2","R",57.5852434358581,NA,"0",180,0.055
"2.8H",269,"1",NA,2024-05-02,2024-05-02 18:24:22,"pm","R","2","L",57.5852434358581,NA,"0",180,0.055
"2.8H",270,"1",NA,2024-05-03,2024-05-03 06:27:52,"am","L","3","L",57.5852434358581,NA,"1",312,0.095
"2.8H",271,"1",NA,2024-05-03,2024-05-03 18:50:20,"pm","L","2","R",57.5852434358581,NA,"1",180,0.055
"2.8V",272,"1","training",2024-05-05,2024-05-05 18:45:13,"pm","L","1","L",57.5852434358581,NA,"1",50,0.017
"2.8V",273,"1","training",2024-05-06,2024-05-06 05:45:57,"am","L","1","L",57.5852434358581,NA,"1",50,0.017
"2.8V",274,"1","training",2024-05-06,2024-05-06 18:43:12,"pm","L","1","L",57.5852434358581,NA,"1",50,0.017
"2.8V",275,"1","training",2024-05-07,2024-05-07 05:41:51,"am","L","1","L",57.5852434358581,NA,"1",50,0.017
"2.8V",276,"1","training",2024-05-10,2024-05-10 18:56:37,"pm","R","2","R",57.5852434358581,NA,"0",180,0.055
"2.8V",277,"1","training",2024-05-11,2024-05-11 05:53:38,"am","R","2","R",57.5852434358581,NA,"0",180,0.055
"2.8V",278,"1","training",2024-05-12,2024-05-12 05:54:09,"am","R","1","R",57.5852434358581,NA,"1",50,0.017
"2.8V",279,"1","borderline",2024-05-12,2024-05-12 18:57:05,"pm","R","2","L",57.5852434358581,NA,"1",180,0.055
"2.8V",280,"1","borderline",2024-05-13,2024-05-13 05:36:53,"am","L","2","R",57.5852434358581,NA,"1",180,0.055
"2.8V",280,"2","borderline",2024-05-13,2024-05-13 05:47:17,"am","R","2","R",57.5852434358581,NA,"0",180,0.055
"2.8V",280,"3","borderline",2024-05-13,2024-05-13 05:58:02,"am","R","2","R",57.5852434358581,NA,"1",180,0.055
"2.8V",281,"1","testing",2024-05-13,2024-05-13 18:57:47,"pm","R","2","L",57.5852434358581,NA,"0",180,0.055
"2.8V",282,"1","testing",2024-05-14,2024-05-14 18:43:12,"pm","R","2","R",57.5852434358581,NA,"1",180,0.055
"2.8V",283,"1","testing",2024-05-15,2024-05-15 05:45:49,"am","R","2","L",28.7925885573646,NA,"0",180,0.109
"2.8V",283,"2","testing",2024-05-15,2024-05-15 05:58:21,"am","L","2","L",28.7925885573646,NA,"0",180,0.109
"2.8V",283,"3","testing",2024-05-15,2024-05-15 06:11:44,"am","L","2","L",28.7925885573646,NA,"0",180,0.109
"2.8V",284,"1","testing",2024-05-15,2024-05-15 19:03:09,"pm","L","2","R",57.5852434358581,NA,"1",180,0.055
"2.8V",285,"1","testing",2024-05-16,2024-05-16 05:45:01,"am","L","2","L",57.5852434358581,NA,"1",180,0.055
"2.8V",285,"2","testing",2024-05-16,2024-05-16 05:40:06,"am","R","2","R",28.7925885573646,NA,"0",180,0.109
"2.8V",285,"3","testing",2024-05-16,2024-05-16 05:59:35,"am","R","2","R",57.5852434358581,NA,"0",180,0.055
"2.8V",286,"1","testing",2024-05-16,2024-05-16 18:58:51,"pm","R","2","L",57.5852434358581,NA,"0",180,0.055
"2.8V",287,"1","testing",2024-05-17,2024-05-17 05:32:57,"am","L","2","L",57.5852434358581,NA,"0",180,0.055
"2.8V",287,"2","testing",2024-05-17,2024-05-17 05:56:38,"am","L","2","L",28.7925885573646,NA,"1",180,0.109
"2.8V",287,"3","testing",2024-05-17,2024-05-17 06:07:51,"am","L","2","L",28.7925885573646,NA,"1",180,0.109
"2.8V",288,"1","testing",2024-05-17,2024-05-17 19:01:59,"pm","L","2","R",57.5852434358581,NA,"1",180,0.055
"2.8V",289,"1","testing",2024-05-18,2024-05-18 05:46:01,"am","L","2","R",28.7925885573646,NA,"0",180,0.109
"2.8V",290,"1","testing",2024-05-18,2024-05-18 18:58:48,"pm","R","2","L",57.5852434358581,NA,"0",180,0.055
"2.8V",291,"1","testing",2024-05-19,2024-05-19 05:47:01,"am","L","2","L",28.7925885573646,NA,"1",180,0.109
"2.8V",292,"1","testing",2024-05-20,2024-05-20 05:51:10,"am","R","2","R",28.7925885573646,NA,"1",180,0.109
"2.8V",293,"1","testing",2024-05-21,2024-05-21 05:42:12,"am","R","2","L",28.7925885573646,NA,"0",180,0.109
"2.8V",293,"2","testing",2024-05-21,2024-05-21 06:04:20,"am","L","2","L",28.7925885573646,NA,"1",180,0.109
"2.8V",294,"1","testing",2024-05-21,2024-05-21 18:52:28,"pm","L","2","L",57.5852434358581,NA,"1",180,0.055
"2.8V",295,"1","testing",2024-05-22,2024-05-22 05:58:34,"am","L","2","R",28.7925885573646,NA,"0",180,0.109
"2.8V",296,"1","testing",2024-05-22,2024-05-22 18:50:50,"pm","R","2","L",57.5852434358581,NA,"0",180,0.055
"2.8V",297,"1","testing",2024-05-23,2024-05-23 05:55:02,"am","L","2","L",28.7925885573646,NA,"0",180,0.109
"2.8V",298,"1","testing",2024-05-24,2024-05-24 06:13:50,"am","L","2","R",28.7925885573646,NA,"0",180,0.109
"2.9H",299,"1","training",2024-05-10,2024-05-10 18:55:24,"pm","L","2","L",57.5852434358581,NA,"0",180,0.055
"2.9H",300,"1","training",2024-05-11,2024-05-11 05:57:01,"am","L","2","L",57.5852434358581,NA,"0",180,0.055
"2.9H",301,"1","training",2024-05-12,2024-05-12 05:38:28,"am","L","2","L",57.5852434358581,NA,"0",180,0.055
"2.9H",301,"2","training",2024-05-12,2024-05-12 05:53:48,"am","L","2","L",57.5852434358581,NA,"1",180,0.055
"2.9H",302,"1","borderline",2024-05-12,2024-05-12 18:52:45,"pm","L","2","R",57.5852434358581,NA,"0",180,0.055
"2.9H",302,"2","borderline",2024-05-12,2024-05-12 19:07:21,"pm","R","2","R",57.5852434358581,NA,"0",180,0.055
"2.9H",303,"1","borderline",2024-05-13,2024-05-13 05:44:15,"am","R","2","L",57.5852434358581,NA,"1",180,0.055
"2.9H",304,"1","testing",2024-05-13,2024-05-13 18:48:30,"pm","L","2","R",57.5852434358581,NA,"0",180,0.055
"2.9H",304,"2","testing",2024-05-13,2024-05-13 18:54:31,"pm","R","2","R",57.5852434358581,NA,"1",180,0.055
"2.9H",304,"3","testing",2024-05-13,2024-05-13 19:01:10,"pm","R","2","R",57.5852434358581,NA,"0",180,0.055
"2.9H",304,"4","testing",2024-05-13,2024-05-13 19:08:08,"pm","R","2","R",57.5852434358581,NA,"0",180,0.055
"2.9H",305,"1","testing",2024-05-14,2024-05-14 05:28:22,"am","R","2","R",57.5852434358581,NA,"1",180,0.055
"2.9H",306,"1","testing",2024-05-14,2024-05-14 18:35:39,"pm","L","2","L",57.5852434358581,NA,"1",180,0.055
"2.9H",306,"2","testing",2024-05-14,2024-05-14 18:50:15,"pm","L","2","L",57.5852434358581,NA,"1",180,0.055
"2.9H",306,"3","testing",2024-05-14,2024-05-14 18:58:34,"pm","L","2","L",57.5852434358581,NA,"0",180,0.055
"2.9H",307,"2","testing",2024-05-15,2024-05-15 05:48:04,"am","R","2","L",57.5852434358581,NA,"1",180,0.055
"2.9H",307,"1","testing",2024-05-15,2024-05-15 05:26:18,"am","L","2","L",57.5852434358581,NA,"1",180,0.055
"2.9H",307,"2","testing",2024-05-15,2024-05-15 05:57:40,"am","L","2","R",28.7925885573646,NA,"0",180,0.109
"2.9H",308,"1","testing",2024-05-15,2024-05-15 18:43:54,"pm","R","2","L",57.5852434358581,NA,"1",180,0.055
"2.9H",308,"2","testing",2024-05-15,2024-05-15 18:52:47,"pm","L","2","L",57.5852434358581,NA,"0",180,0.055
"2.9H",308,"3","testing",2024-05-15,2024-05-15 19:01:35,"pm","L","2","L",57.5852434358581,NA,"1",180,0.055
"2.9H",308,"4","testing",2024-05-15,2024-05-15 19:10:53,"pm","L","2","L",57.5852434358581,NA,"0",180,0.055
"2.9H",309,"1","testing",2024-05-16,2024-05-16 05:40:55,"am","L","2","L",28.7925885573646,NA,"1",180,0.109
"2.9H",310,"1","testing",2024-05-16,2024-05-16 18:50:10,"pm","L","2","R",57.5852434358581,NA,"1",180,0.055
"2.9H",311,"1","testing",2024-05-17,2024-05-17 05:49:45,"am","R","2","R",28.7925885573646,NA,"1",180,0.109
"2.9H",312,"1","testing",2024-05-17,2024-05-17 18:55:28,"pm","L","2","L",57.5852434358581,NA,"0",180,0.055
"2.9V",313,"1",NA,2024-04-23,2024-04-23 18:45:52,"pm","R","1","R",115.170221587506,NA,"1",50,0.01
