"rise","set","date"
2024-01-01 06:33:00,2024-01-01 18:10:00,2024-01-01
2024-02-01 06:39:00,2024-02-01 18:24:00,2024-02-01
2024-03-01 06:32:00,2024-03-01 18:29:00,2024-03-01
2024-04-01 06:15:00,2024-04-01 18:28:00,2024-04-01
2024-05-01 06:02:00,2024-05-01 18:29:00,2024-05-01
2024-06-01 05:57:00,2024-06-01 18:35:00,2024-06-01
2024-07-01 06:03:00,2024-07-01 18:41:00,2024-07-01
2024-08-01 06:09:00,2024-08-01 18:40:00,2024-08-01
2024-09-01 06:09:00,2024-09-01 18:26:00,2024-09-01
2024-10-01 06:06:00,2024-10-01 18:08:00,2024-10-01
2024-11-01 06:08:00,2024-11-01 17:55:00,2024-11-01
2024-12-01 06:18:00,2024-12-01 17:56:00,2024-12-01
2024-01-02 06:34:00,2024-01-02 18:10:00,2024-01-02
2024-02-02 06:39:00,2024-02-02 18:24:00,2024-02-02
2024-03-02 06:31:00,2024-03-02 18:29:00,2024-03-02
2024-04-02 06:15:00,2024-04-02 18:28:00,2024-04-02
2024-05-02 06:01:00,2024-05-02 18:29:00,2024-05-02
2024-06-02 05:57:00,2024-06-02 18:35:00,2024-06-02
2024-07-02 06:03:00,2024-07-02 18:41:00,2024-07-02
2024-08-02 06:09:00,2024-08-02 18:39:00,2024-08-02
2024-09-02 06:09:00,2024-09-02 18:26:00,2024-09-02
2024-10-02 06:06:00,2024-10-02 18:08:00,2024-10-02
2024-11-02 06:08:00,2024-11-02 17:55:00,2024-11-02
2024-12-02 06:19:00,2024-12-02 17:56:00,2024-12-02
2024-01-03 06:34:00,2024-01-03 18:11:00,2024-01-03
2024-02-03 06:39:00,2024-02-03 18:24:00,2024-02-03
2024-03-03 06:31:00,2024-03-03 18:29:00,2024-03-03
2024-04-03 06:14:00,2024-04-03 18:28:00,2024-04-03
2024-05-03 06:01:00,2024-05-03 18:29:00,2024-05-03
2024-06-03 05:57:00,2024-06-03 18:35:00,2024-06-03
2024-07-03 06:03:00,2024-07-03 18:42:00,2024-07-03
2024-08-03 06:09:00,2024-08-03 18:39:00,2024-08-03
2024-09-03 06:09:00,2024-09-03 18:25:00,2024-09-03
2024-10-03 06:06:00,2024-10-03 18:07:00,2024-10-03
2024-11-03 06:08:00,2024-11-03 17:55:00,2024-11-03
2024-12-03 06:19:00,2024-12-03 17:57:00,2024-12-03
2024-01-04 06:34:00,2024-01-04 18:11:00,2024-01-04
2024-02-04 06:39:00,2024-02-04 18:25:00,2024-02-04
2024-03-04 06:30:00,2024-03-04 18:29:00,2024-03-04
2024-04-04 06:14:00,2024-04-04 18:28:00,2024-04-04
2024-05-04 06:01:00,2024-05-04 18:29:00,2024-05-04
2024-06-04 05:58:00,2024-06-04 18:35:00,2024-06-04
2024-07-04 06:03:00,2024-07-04 18:42:00,2024-07-04
2024-08-04 06:09:00,2024-08-04 18:39:00,2024-08-04
2024-09-04 06:09:00,2024-09-04 18:24:00,2024-09-04
2024-10-04 06:06:00,2024-10-04 18:07:00,2024-10-04
2024-11-04 06:08:00,2024-11-04 17:55:00,2024-11-04
2024-12-04 06:20:00,2024-12-04 17:57:00,2024-12-04
2024-01-05 06:35:00,2024-01-05 18:12:00,2024-01-05
2024-02-05 06:39:00,2024-02-05 18:25:00,2024-02-05
2024-03-05 06:30:00,2024-03-05 18:29:00,2024-03-05
2024-04-05 06:13:00,2024-04-05 18:28:00,2024-04-05
2024-05-05 06:00:00,2024-05-05 18:29:00,2024-05-05
2024-06-05 05:58:00,2024-06-05 18:36:00,2024-06-05
2024-07-05 06:04:00,2024-07-05 18:42:00,2024-07-05
2024-08-05 06:09:00,2024-08-05 18:38:00,2024-08-05
2024-09-05 06:09:00,2024-09-05 18:24:00,2024-09-05
2024-10-05 06:06:00,2024-10-05 18:06:00,2024-10-05
2024-11-05 06:09:00,2024-11-05 17:55:00,2024-11-05
2024-12-05 06:20:00,2024-12-05 17:57:00,2024-12-05
2024-01-06 06:35:00,2024-01-06 18:12:00,2024-01-06
2024-02-06 06:39:00,2024-02-06 18:25:00,2024-02-06
2024-03-06 06:29:00,2024-03-06 18:29:00,2024-03-06
2024-04-06 06:13:00,2024-04-06 18:28:00,2024-04-06
2024-05-06 06:00:00,2024-05-06 18:29:00,2024-05-06
2024-06-06 05:58:00,2024-06-06 18:36:00,2024-06-06
2024-07-06 06:04:00,2024-07-06 18:42:00,2024-07-06
2024-08-06 06:09:00,2024-08-06 18:38:00,2024-08-06
2024-09-06 06:09:00,2024-09-06 18:23:00,2024-09-06
2024-10-06 06:06:00,2024-10-06 18:06:00,2024-10-06
2024-11-06 06:09:00,2024-11-06 17:54:00,2024-11-06
2024-12-06 06:21:00,2024-12-06 17:58:00,2024-12-06
2024-01-07 06:36:00,2024-01-07 18:13:00,2024-01-07
2024-02-07 06:39:00,2024-02-07 18:26:00,2024-02-07
2024-03-07 06:29:00,2024-03-07 18:29:00,2024-03-07
2024-04-07 06:12:00,2024-04-07 18:28:00,2024-04-07
2024-05-07 06:00:00,2024-05-07 18:29:00,2024-05-07
2024-06-07 05:58:00,2024-06-07 18:36:00,2024-06-07
2024-07-07 06:04:00,2024-07-07 18:42:00,2024-07-07
2024-08-07 06:10:00,2024-08-07 18:38:00,2024-08-07
2024-09-07 06:09:00,2024-09-07 18:23:00,2024-09-07
2024-10-07 06:06:00,2024-10-07 18:05:00,2024-10-07
2024-11-07 06:09:00,2024-11-07 17:54:00,2024-11-07
2024-12-07 06:21:00,2024-12-07 17:58:00,2024-12-07
2024-01-08 06:36:00,2024-01-08 18:13:00,2024-01-08
2024-02-08 06:39:00,2024-02-08 18:26:00,2024-02-08
2024-03-08 06:28:00,2024-03-08 18:29:00,2024-03-08
2024-04-08 06:11:00,2024-04-08 18:28:00,2024-04-08
2024-05-08 06:00:00,2024-05-08 18:29:00,2024-05-08
2024-06-08 05:58:00,2024-06-08 18:36:00,2024-06-08
2024-07-08 06:04:00,2024-07-08 18:42:00,2024-07-08
2024-08-08 06:10:00,2024-08-08 18:37:00,2024-08-08
2024-09-08 06:09:00,2024-09-08 18:22:00,2024-09-08
2024-10-08 06:06:00,2024-10-08 18:05:00,2024-10-08
2024-11-08 06:09:00,2024-11-08 17:54:00,2024-11-08
2024-12-08 06:22:00,2024-12-08 17:59:00,2024-12-08
2024-01-09 06:36:00,2024-01-09 18:14:00,2024-01-09
2024-02-09 06:38:00,2024-02-09 18:26:00,2024-02-09
2024-03-09 06:28:00,2024-03-09 18:29:00,2024-03-09
2024-04-09 06:11:00,2024-04-09 18:28:00,2024-04-09
2024-05-09 05:59:00,2024-05-09 18:30:00,2024-05-09
2024-06-09 05:58:00,2024-06-09 18:37:00,2024-06-09
2024-07-09 06:05:00,2024-07-09 18:42:00,2024-07-09
2024-08-09 06:10:00,2024-08-09 18:37:00,2024-08-09
2024-09-09 06:09:00,2024-09-09 18:21:00,2024-09-09
2024-10-09 06:06:00,2024-10-09 18:04:00,2024-10-09
2024-11-09 06:10:00,2024-11-09 17:54:00,2024-11-09
2024-12-09 06:22:00,2024-12-09 17:59:00,2024-12-09
2024-01-10 06:36:00,2024-01-10 18:14:00,2024-01-10
2024-02-10 06:38:00,2024-02-10 18:26:00,2024-02-10
2024-03-10 06:27:00,2024-03-10 18:29:00,2024-03-10
2024-04-10 06:10:00,2024-04-10 18:28:00,2024-04-10
2024-05-10 05:59:00,2024-05-10 18:30:00,2024-05-10
2024-06-10 05:58:00,2024-06-10 18:37:00,2024-06-10
2024-07-10 06:05:00,2024-07-10 18:42:00,2024-07-10
2024-08-10 06:10:00,2024-08-10 18:37:00,2024-08-10
2024-09-10 06:08:00,2024-09-10 18:21:00,2024-09-10
2024-10-10 06:06:00,2024-10-10 18:04:00,2024-10-10
2024-11-10 06:10:00,2024-11-10 17:54:00,2024-11-10
2024-12-10 06:23:00,2024-12-10 17:59:00,2024-12-10
2024-01-11 06:37:00,2024-01-11 18:15:00,2024-01-11
2024-02-11 06:38:00,2024-02-11 18:27:00,2024-02-11
2024-03-11 06:27:00,2024-03-11 18:29:00,2024-03-11
2024-04-11 06:10:00,2024-04-11 18:28:00,2024-04-11
2024-05-11 05:59:00,2024-05-11 18:30:00,2024-05-11
2024-06-11 05:58:00,2024-06-11 18:37:00,2024-06-11
2024-07-11 06:05:00,2024-07-11 18:42:00,2024-07-11
2024-08-11 06:10:00,2024-08-11 18:36:00,2024-08-11
2024-09-11 06:08:00,2024-09-11 18:20:00,2024-09-11
2024-10-11 06:06:00,2024-10-11 18:03:00,2024-10-11
2024-11-11 06:10:00,2024-11-11 17:54:00,2024-11-11
2024-12-11 06:23:00,2024-12-11 18:00:00,2024-12-11
2024-01-12 06:37:00,2024-01-12 18:15:00,2024-01-12
2024-02-12 06:38:00,2024-02-12 18:27:00,2024-02-12
2024-03-12 06:26:00,2024-03-12 18:29:00,2024-03-12
2024-04-12 06:09:00,2024-04-12 18:28:00,2024-04-12
2024-05-12 05:59:00,2024-05-12 18:30:00,2024-05-12
2024-06-12 05:59:00,2024-06-12 18:38:00,2024-06-12
2024-07-12 06:05:00,2024-07-12 18:42:00,2024-07-12
2024-08-12 06:10:00,2024-08-12 18:36:00,2024-08-12
2024-09-12 06:08:00,2024-09-12 18:20:00,2024-09-12
2024-10-12 06:06:00,2024-10-12 18:03:00,2024-10-12
2024-11-12 06:10:00,2024-11-12 17:54:00,2024-11-12
2024-12-12 06:24:00,2024-12-12 18:00:00,2024-12-12
2024-01-13 06:37:00,2024-01-13 18:16:00,2024-01-13
2024-02-13 06:37:00,2024-02-13 18:27:00,2024-02-13
2024-03-13 06:26:00,2024-03-13 18:29:00,2024-03-13
2024-04-13 06:09:00,2024-04-13 18:28:00,2024-04-13
2024-05-13 05:58:00,2024-05-13 18:30:00,2024-05-13
2024-06-13 05:59:00,2024-06-13 18:38:00,2024-06-13
2024-07-13 06:06:00,2024-07-13 18:42:00,2024-07-13
2024-08-13 06:10:00,2024-08-13 18:36:00,2024-08-13
2024-09-13 06:08:00,2024-09-13 18:19:00,2024-09-13
2024-10-13 06:06:00,2024-10-13 18:02:00,2024-10-13
2024-11-13 06:11:00,2024-11-13 17:54:00,2024-11-13
2024-12-13 06:24:00,2024-12-13 18:01:00,2024-12-13
2024-01-14 06:38:00,2024-01-14 18:16:00,2024-01-14
2024-02-14 06:37:00,2024-02-14 18:27:00,2024-02-14
2024-03-14 06:25:00,2024-03-14 18:29:00,2024-03-14
2024-04-14 06:08:00,2024-04-14 18:28:00,2024-04-14
2024-05-14 05:58:00,2024-05-14 18:31:00,2024-05-14
2024-06-14 05:59:00,2024-06-14 18:38:00,2024-06-14
2024-07-14 06:06:00,2024-07-14 18:42:00,2024-07-14
2024-08-14 06:10:00,2024-08-14 18:35:00,2024-08-14
2024-09-14 06:08:00,2024-09-14 18:18:00,2024-09-14
2024-10-14 06:06:00,2024-10-14 18:02:00,2024-10-14
2024-11-14 06:11:00,2024-11-14 17:54:00,2024-11-14
2024-12-14 06:25:00,2024-12-14 18:01:00,2024-12-14
2024-01-15 06:38:00,2024-01-15 18:17:00,2024-01-15
2024-02-15 06:37:00,2024-02-15 18:27:00,2024-02-15
2024-03-15 06:25:00,2024-03-15 18:29:00,2024-03-15
2024-04-15 06:08:00,2024-04-15 18:28:00,2024-04-15
2024-05-15 05:58:00,2024-05-15 18:31:00,2024-05-15
2024-06-15 05:59:00,2024-06-15 18:38:00,2024-06-15
2024-07-15 06:06:00,2024-07-15 18:42:00,2024-07-15
2024-08-15 06:10:00,2024-08-15 18:35:00,2024-08-15
2024-09-15 06:08:00,2024-09-15 18:18:00,2024-09-15
2024-10-15 06:06:00,2024-10-15 18:01:00,2024-10-15
2024-11-15 06:11:00,2024-11-15 17:54:00,2024-11-15
2024-12-15 06:25:00,2024-12-15 18:01:00,2024-12-15
2024-01-16 06:38:00,2024-01-16 18:17:00,2024-01-16
2024-02-16 06:37:00,2024-02-16 18:28:00,2024-02-16
2024-03-16 06:24:00,2024-03-16 18:29:00,2024-03-16
2024-04-16 06:08:00,2024-04-16 18:28:00,2024-04-16
2024-05-16 05:58:00,2024-05-16 18:31:00,2024-05-16
2024-06-16 05:59:00,2024-06-16 18:38:00,2024-06-16
2024-07-16 06:06:00,2024-07-16 18:42:00,2024-07-16
2024-08-16 06:10:00,2024-08-16 18:34:00,2024-08-16
2024-09-16 06:08:00,2024-09-16 18:17:00,2024-09-16
2024-10-16 06:06:00,2024-10-16 18:01:00,2024-10-16
2024-11-16 06:12:00,2024-11-16 17:54:00,2024-11-16
2024-12-16 06:26:00,2024-12-16 18:02:00,2024-12-16
2024-01-17 06:38:00,2024-01-17 18:18:00,2024-01-17
2024-02-17 06:36:00,2024-02-17 18:28:00,2024-02-17
2024-03-17 06:23:00,2024-03-17 18:29:00,2024-03-17
2024-04-17 06:07:00,2024-04-17 18:28:00,2024-04-17
2024-05-17 05:58:00,2024-05-17 18:31:00,2024-05-17
2024-06-17 05:59:00,2024-06-17 18:39:00,2024-06-17
2024-07-17 06:06:00,2024-07-17 18:42:00,2024-07-17
2024-08-17 06:10:00,2024-08-17 18:34:00,2024-08-17
2024-09-17 06:08:00,2024-09-17 18:17:00,2024-09-17
2024-10-17 06:06:00,2024-10-17 18:00:00,2024-10-17
2024-11-17 06:12:00,2024-11-17 17:54:00,2024-11-17
2024-12-17 06:26:00,2024-12-17 18:02:00,2024-12-17
2024-01-18 06:38:00,2024-01-18 18:18:00,2024-01-18
2024-02-18 06:36:00,2024-02-18 18:28:00,2024-02-18
2024-03-18 06:23:00,2024-03-18 18:29:00,2024-03-18
2024-04-18 06:07:00,2024-04-18 18:28:00,2024-04-18
2024-05-18 05:58:00,2024-05-18 18:31:00,2024-05-18
2024-06-18 06:00:00,2024-06-18 18:39:00,2024-06-18
2024-07-18 06:07:00,2024-07-18 18:42:00,2024-07-18
2024-08-18 06:10:00,2024-08-18 18:33:00,2024-08-18
2024-09-18 06:08:00,2024-09-18 18:16:00,2024-09-18
2024-10-18 06:06:00,2024-10-18 18:00:00,2024-10-18
2024-11-18 06:13:00,2024-11-18 17:54:00,2024-11-18
2024-12-18 06:27:00,2024-12-18 18:03:00,2024-12-18
2024-01-19 06:39:00,2024-01-19 18:19:00,2024-01-19
2024-02-19 06:36:00,2024-02-19 18:28:00,2024-02-19
2024-03-19 06:22:00,2024-03-19 18:29:00,2024-03-19
2024-04-19 06:06:00,2024-04-19 18:28:00,2024-04-19
2024-05-19 05:58:00,2024-05-19 18:32:00,2024-05-19
2024-06-19 06:00:00,2024-06-19 18:39:00,2024-06-19
2024-07-19 06:07:00,2024-07-19 18:42:00,2024-07-19
2024-08-19 06:10:00,2024-08-19 18:33:00,2024-08-19
2024-09-19 06:07:00,2024-09-19 18:15:00,2024-09-19
2024-10-19 06:06:00,2024-10-19 17:59:00,2024-10-19
2024-11-19 06:13:00,2024-11-19 17:54:00,2024-11-19
2024-12-19 06:28:00,2024-12-19 18:03:00,2024-12-19
2024-01-20 06:39:00,2024-01-20 18:19:00,2024-01-20
2024-02-20 06:35:00,2024-02-20 18:28:00,2024-02-20
2024-03-20 06:22:00,2024-03-20 18:29:00,2024-03-20
2024-04-20 06:06:00,2024-04-20 18:28:00,2024-04-20
2024-05-20 05:58:00,2024-05-20 18:32:00,2024-05-20
2024-06-20 06:00:00,2024-06-20 18:39:00,2024-06-20
2024-07-20 06:07:00,2024-07-20 18:42:00,2024-07-20
2024-08-20 06:10:00,2024-08-20 18:32:00,2024-08-20
2024-09-20 06:07:00,2024-09-20 18:15:00,2024-09-20
2024-10-20 06:06:00,2024-10-20 17:59:00,2024-10-20
2024-11-20 06:13:00,2024-11-20 17:54:00,2024-11-20
2024-12-20 06:28:00,2024-12-20 18:04:00,2024-12-20
2024-01-21 06:39:00,2024-01-21 18:20:00,2024-01-21
2024-02-21 06:35:00,2024-02-21 18:28:00,2024-02-21
2024-03-21 06:21:00,2024-03-21 18:29:00,2024-03-21
2024-04-21 06:05:00,2024-04-21 18:28:00,2024-04-21
2024-05-21 05:57:00,2024-05-21 18:32:00,2024-05-21
2024-06-21 06:00:00,2024-06-21 18:40:00,2024-06-21
2024-07-21 06:07:00,2024-07-21 18:42:00,2024-07-21
2024-08-21 06:10:00,2024-08-21 18:32:00,2024-08-21
2024-09-21 06:07:00,2024-09-21 18:14:00,2024-09-21
2024-10-21 06:06:00,2024-10-21 17:59:00,2024-10-21
2024-11-21 06:14:00,2024-11-21 17:54:00,2024-11-21
2024-12-21 06:29:00,2024-12-21 18:04:00,2024-12-21
2024-01-22 06:39:00,2024-01-22 18:20:00,2024-01-22
2024-02-22 06:35:00,2024-02-22 18:28:00,2024-02-22
2024-03-22 06:21:00,2024-03-22 18:29:00,2024-03-22
2024-04-22 06:05:00,2024-04-22 18:28:00,2024-04-22
2024-05-22 05:57:00,2024-05-22 18:32:00,2024-05-22
2024-06-22 06:01:00,2024-06-22 18:40:00,2024-06-22
2024-07-22 06:07:00,2024-07-22 18:41:00,2024-07-22
2024-08-22 06:10:00,2024-08-22 18:31:00,2024-08-22
2024-09-22 06:07:00,2024-09-22 18:14:00,2024-09-22
2024-10-22 06:06:00,2024-10-22 17:58:00,2024-10-22
2024-11-22 06:14:00,2024-11-22 17:54:00,2024-11-22
2024-12-22 06:29:00,2024-12-22 18:05:00,2024-12-22
2024-01-23 06:39:00,2024-01-23 18:20:00,2024-01-23
2024-02-23 06:34:00,2024-02-23 18:28:00,2024-02-23
2024-03-23 06:20:00,2024-03-23 18:29:00,2024-03-23
2024-04-23 06:04:00,2024-04-23 18:28:00,2024-04-23
2024-05-23 05:57:00,2024-05-23 18:32:00,2024-05-23
2024-06-23 06:01:00,2024-06-23 18:40:00,2024-06-23
2024-07-23 06:08:00,2024-07-23 18:41:00,2024-07-23
2024-08-23 06:10:00,2024-08-23 18:31:00,2024-08-23
2024-09-23 06:07:00,2024-09-23 18:13:00,2024-09-23
2024-10-23 06:06:00,2024-10-23 17:58:00,2024-10-23
2024-11-23 06:15:00,2024-11-23 17:54:00,2024-11-23
2024-12-23 06:29:00,2024-12-23 18:05:00,2024-12-23
2024-01-24 06:39:00,2024-01-24 18:21:00,2024-01-24
2024-02-24 06:34:00,2024-02-24 18:29:00,2024-02-24
2024-03-24 06:20:00,2024-03-24 18:29:00,2024-03-24
2024-04-24 06:04:00,2024-04-24 18:28:00,2024-04-24
2024-05-24 05:57:00,2024-05-24 18:33:00,2024-05-24
2024-06-24 06:01:00,2024-06-24 18:40:00,2024-06-24
2024-07-24 06:08:00,2024-07-24 18:41:00,2024-07-24
2024-08-24 06:10:00,2024-08-24 18:30:00,2024-08-24
2024-09-24 06:07:00,2024-09-24 18:12:00,2024-09-24
2024-10-24 06:06:00,2024-10-24 17:58:00,2024-10-24
2024-11-24 06:15:00,2024-11-24 17:55:00,2024-11-24
2024-12-24 06:30:00,2024-12-24 18:06:00,2024-12-24
2024-01-25 06:39:00,2024-01-25 18:21:00,2024-01-25
2024-02-25 06:34:00,2024-02-25 18:29:00,2024-02-25
2024-03-25 06:19:00,2024-03-25 18:29:00,2024-03-25
2024-04-25 06:04:00,2024-04-25 18:28:00,2024-04-25
2024-05-25 05:57:00,2024-05-25 18:33:00,2024-05-25
2024-06-25 06:01:00,2024-06-25 18:40:00,2024-06-25
2024-07-25 06:08:00,2024-07-25 18:41:00,2024-07-25
2024-08-25 06:10:00,2024-08-25 18:30:00,2024-08-25
2024-09-25 06:07:00,2024-09-25 18:12:00,2024-09-25
2024-10-25 06:07:00,2024-10-25 17:57:00,2024-10-25
2024-11-25 06:15:00,2024-11-25 17:55:00,2024-11-25
2024-12-25 06:30:00,2024-12-25 18:06:00,2024-12-25
2024-01-26 06:39:00,2024-01-26 18:22:00,2024-01-26
2024-02-26 06:33:00,2024-02-26 18:29:00,2024-02-26
2024-03-26 06:19:00,2024-03-26 18:28:00,2024-03-26
2024-04-26 06:03:00,2024-04-26 18:28:00,2024-04-26
2024-05-26 05:57:00,2024-05-26 18:33:00,2024-05-26
2024-06-26 06:01:00,2024-06-26 18:41:00,2024-06-26
2024-07-26 06:08:00,2024-07-26 18:41:00,2024-07-26
2024-08-26 06:10:00,2024-08-26 18:29:00,2024-08-26
2024-09-26 06:07:00,2024-09-26 18:11:00,2024-09-26
2024-10-26 06:07:00,2024-10-26 17:57:00,2024-10-26
2024-11-26 06:16:00,2024-11-26 17:55:00,2024-11-26
2024-12-26 06:31:00,2024-12-26 18:07:00,2024-12-26
2024-01-27 06:39:00,2024-01-27 18:22:00,2024-01-27
2024-02-27 06:33:00,2024-02-27 18:29:00,2024-02-27
2024-03-27 06:18:00,2024-03-27 18:28:00,2024-03-27
2024-04-27 06:03:00,2024-04-27 18:28:00,2024-04-27
2024-05-27 05:57:00,2024-05-27 18:33:00,2024-05-27
2024-06-27 06:02:00,2024-06-27 18:41:00,2024-06-27
2024-07-27 06:08:00,2024-07-27 18:41:00,2024-07-27
2024-08-27 06:10:00,2024-08-27 18:29:00,2024-08-27
2024-09-27 06:07:00,2024-09-27 18:11:00,2024-09-27
2024-10-27 06:07:00,2024-10-27 17:57:00,2024-10-27
2024-11-27 06:16:00,2024-11-27 17:55:00,2024-11-27
2024-12-27 06:31:00,2024-12-27 18:07:00,2024-12-27
2024-01-28 06:39:00,2024-01-28 18:22:00,2024-01-28
2024-02-28 06:32:00,2024-02-28 18:29:00,2024-02-28
2024-03-28 06:17:00,2024-03-28 18:28:00,2024-03-28
2024-04-28 06:03:00,2024-04-28 18:28:00,2024-04-28
2024-05-28 05:57:00,2024-05-28 18:34:00,2024-05-28
2024-06-28 06:02:00,2024-06-28 18:41:00,2024-06-28
2024-07-28 06:08:00,2024-07-28 18:40:00,2024-07-28
2024-08-28 06:10:00,2024-08-28 18:28:00,2024-08-28
2024-09-28 06:07:00,2024-09-28 18:10:00,2024-09-28
2024-10-28 06:07:00,2024-10-28 17:56:00,2024-10-28
2024-11-28 06:17:00,2024-11-28 17:55:00,2024-11-28
2024-12-28 06:32:00,2024-12-28 18:08:00,2024-12-28
2024-01-29 06:39:00,2024-01-29 18:23:00,2024-01-29
2024-02-29 06:32:00,2024-02-29 18:29:00,2024-02-29
2024-03-29 06:17:00,2024-03-29 18:28:00,2024-03-29
2024-04-29 06:02:00,2024-04-29 18:28:00,2024-04-29
2024-05-29 05:57:00,2024-05-29 18:34:00,2024-05-29
2024-06-29 06:02:00,2024-06-29 18:41:00,2024-06-29
2024-07-29 06:09:00,2024-07-29 18:40:00,2024-07-29
2024-08-29 06:10:00,2024-08-29 18:28:00,2024-08-29
2024-09-29 06:07:00,2024-09-29 18:09:00,2024-09-29
2024-10-29 06:07:00,2024-10-29 17:56:00,2024-10-29
2024-11-29 06:17:00,2024-11-29 17:56:00,2024-11-29
2024-12-29 06:32:00,2024-12-29 18:08:00,2024-12-29
2024-01-30 06:39:00,2024-01-30 18:23:00,2024-01-30
2024-03-30 06:16:00,2024-03-30 18:28:00,2024-03-30
2024-04-30 06:02:00,2024-04-30 18:29:00,2024-04-30
2024-05-30 05:57:00,2024-05-30 18:34:00,2024-05-30
2024-06-30 06:02:00,2024-06-30 18:41:00,2024-06-30
2024-07-30 06:09:00,2024-07-30 18:40:00,2024-07-30
2024-08-30 06:09:00,2024-08-30 18:27:00,2024-08-30
2024-09-30 06:06:00,2024-09-30 18:09:00,2024-09-30
2024-10-30 06:07:00,2024-10-30 17:56:00,2024-10-30
2024-11-30 06:18:00,2024-11-30 17:56:00,2024-11-30
2024-12-30 06:33:00,2024-12-30 18:09:00,2024-12-30
2024-01-31 06:39:00,2024-01-31 18:23:00,2024-01-31
2024-03-31 06:16:00,2024-03-31 18:28:00,2024-03-31
2024-05-31 05:57:00,2024-05-31 18:34:00,2024-05-31
2024-07-31 06:09:00,2024-07-31 18:40:00,2024-07-31
2024-08-31 06:09:00,2024-08-31 18:27:00,2024-08-31
2024-10-31 06:07:00,2024-10-31 17:56:00,2024-10-31
2024-12-31 06:33:00,2024-12-31 18:10:00,2024-12-31
