"nest","trial_number","bee_flight","training_or_testing","date","t_ret","session","side_vpatt_dep","pos_vpatt_ret","side_vpatt_ret","patt_period","cycle_width","first_decision","view_dist","patt_freq_ret","time_rel_setrise","light_pred"
"1.2",1,"1",NA,2024-02-25,2024-02-25 18:45:10,"pm","L",1,"L",NA,NA,"0",50,NA,16.1666666666667,-0.865362097215719
"1.2",2,"1",NA,2024-02-26,2024-02-26 06:25:36,"am","L",1,"L",NA,NA,"0",50,NA,-7.4,-0.0526838078254868
"1.2",3,"1",NA,2024-02-27,2024-02-27 06:32:46,"am","R",1,"R",NA,NA,"1",50,NA,-0.233333333333333,0.512362033558582
"1.2",4,"1",NA,2024-02-28,2024-02-28 06:15:30,"am","R",1,"L",NA,NA,"1",50,NA,-16.5,-1.08175074810918
"1.2",5,"1",NA,2024-02-28,2024-02-28 18:41:44,"pm","?",3,"?",NA,NA,"1",312,NA,12.7333333333333,-0.488532264275037
"1.2",6,"1",NA,2024-02-29,2024-02-29 18:54:25,"pm","?",3,"?",NA,NA,"1",312,NA,25.4166666666667,-1.88235625055082
"1.2",7,"1",NA,2024-03-01,2024-03-01 05:58:39,"am","?",3,"?",NA,NA,"0",312,NA,-33.35,-3.04082961103137
"1.2",7,"2",NA,2024-03-01,2024-03-01 06:30:49,"am","?",3,"?",NA,NA,"0",312,NA,-1.18333333333333,0.44802225186543
"1.2",8,"1",NA,2024-03-02,2024-03-02 06:03:25,"am","L",3,"R",115.170221587506,NA,"1",312,0.048,-27.5833333333333,-2.44752540070658
"1.2",9,"1",NA,2024-03-03,2024-03-03 06:12:15,"am","R",3,"L",38.3901328145035,NA,"0",312,0.142,-18.75,-1.36833706598507
"1.2",10,"1",NA,2024-03-04,2024-03-04 06:10:59,"am","L",3,"R",115.170221587506,NA,"1",312,0.048,-19.0166666666667,-1.40051267777052
"1.2",11,"1",NA,2024-03-05,2024-03-05 06:13:13,"am","R",3,"L",38.3901328145035,NA,"0",312,0.142,-16.7833333333333,-1.11865422097825
"1.2",12,"1",NA,2024-03-07,2024-03-07 18:44:12,"pm","R",3,"L",57.5852434358581,NA,"1",312,0.095,15.2,-0.760862458682677
"1.2",13,"2?",NA,2024-03-08,2024-03-08 06:29:50,"am","R",3,"R",115.170221587506,NA,"0",312,0.048,1.83333333333333,0.641962715046356
"1.2",14,"1",NA,2024-03-08,2024-03-08 18:57:05,"pm","R",3,"L",57.5852434358581,NA,"1",312,0.095,28.0833333333333,-2.14330713547044
"1.2",15,"1",NA,2024-03-11,2024-03-11 06:03:38,"am","L",3,"L",57.5852434358581,NA,"1",312,0.095,-23.3666666666667,-1.95278821210997
"1.2",15,"2",NA,2024-03-11,2024-03-11 06:16:33,"am","L",3,"R",38.3901328145035,NA,"0",312,0.142,-10.45,-0.365093624622105
"1.2",16,"1",NA,2024-03-11,2024-03-11 18:54:32,"pm","R",3,"L",115.170221587506,NA,"1",312,0.048,25.5333333333333,-1.89408101689603
"1.2",17,"1",NA,2024-03-12,2024-03-12 06:10:14,"am","L",3,"R",57.5852434358581,NA,"0",312,0.095,-15.7666666666667,-0.986349162998115
"1.2",17,"2",NA,2024-03-12,2024-03-12 06:22:49,"am","R",3,"R",57.5852434358581,NA,"0",312,0.095,-3.18333333333333,0.302321642282795
"1.2",18,"1",NA,2024-03-12,2024-03-12 18:41:00,"pm","R",3,"L",57.5852434358581,NA,"1",312,0.095,12,-0.40803817356252
"1.2",18,"2",NA,2024-03-12,2024-03-12 18:55:09,"pm","L",3,"R",115.170221587506,NA,"0",312,0.048,26.15,-1.95558414311363
"1.2",19,"1",NA,2024-03-13,2024-03-13 06:13:54,"am","R",3,"L",115.170221587506,NA,"1",312,0.048,-12.1,-0.547494014213257
"1.2",20,"1",NA,2024-03-13,2024-03-13 18:09:37,"pm","L",3,"L",115.170221587506,NA,"1",312,0.048,-19.3833333333333,1.42103904354057
"1.2",20,"2",NA,2024-03-13,2024-03-13 18:44:06,"pm","L",3,"R",115.170221587506,NA,"0",312,0.048,15.1,-0.749933172519253
"1.2",21,"1",NA,2024-03-14,2024-03-14 06:11:32,"am","L",3,"R",115.170221587506,NA,"0",312,0.048,-13.4666666666667,-0.70071558789606
"1.2",22,"1",NA,2024-03-14,2024-03-14 18:47:47,"pm","R",3,"L",115.170221587506,NA,"1",312,0.048,18.7833333333333,-1.15714239544629
"1.2",22,"2",NA,2024-03-14,2024-03-14 18:59:15,"pm","L",3,"R",115.170221587506,NA,"0",312,0.048,30.25,-2.34460664466666
"1.2",23,"1",NA,2024-03-15,2024-03-15 06:12:58,"am","L",3,"R",115.170221587506,NA,"0",312,0.048,-12.0333333333333,-0.540064898793751
"1.2",23,"2",NA,2024-03-15,2024-03-15 06:21:38,"am","R",3,"L",115.170221587506,NA,"1",312,0.048,-3.36666666666667,0.288257292650016
"1.2",24,"1",NA,2024-03-15,2024-03-15 18:55:09,"pm","L",3,"R",115.170221587506,NA,"0",312,0.048,26.15,-1.95558414311363
"1.2",25,"2",NA,2024-03-16,2024-03-16 06:01:20,"am","R",3,"L",115.170221587506,NA,"1",312,0.048,-22.6666666666667,-1.86411571760023
"1.2",26,"1",NA,2024-03-16,2024-03-16 18:53:23,"pm","R",2,"L",115.170221587506,NA,"1",180,0.028,24.3833333333333,-1.77726629836223
"1.2",27,"1",NA,2024-03-17,2024-03-17 06:00:15,"am","L",3,"L",115.170221587506,NA,"1",312,0.048,-22.75,-1.87476614935963
"1.2",27,"2",NA,2024-03-17,2024-03-17 06:17:08,"am","R",3,"R",115.170221587506,NA,"0",312,0.048,-5.86666666666667,0.0842676119594146
"1.2",28,"1",NA,2024-03-17,2024-03-17 18:54:07,"pm","R",3,"L",115.170221587506,NA,"1",312,0.048,25.1166666666667,-1.85207643509126
"1.2",29,"1",NA,2024-03-18,2024-03-18 05:56:02,"am","L",3,"R",115.170221587506,NA,"0",312,0.048,-26.9666666666667,-2.37585186461767
"1.2",29,"2",NA,2024-03-18,2024-03-18 06:11:58,"am","R",3,"R",115.170221587506,NA,"0",312,0.048,-11.0333333333333,-0.429072117850461
"1.2",30,"1",NA,2024-03-18,2024-03-18 18:49:02,"pm","R",3,"R",115.170221587506,NA,"0",312,0.048,20.0333333333333,-1.29993942707164
"1.2",31,"1",NA,2024-03-19,2024-03-19 06:15:12,"am","R",3,"R",115.170221587506,NA,"1",312,0.048,-6.8,0.00216059236589874
"1.2",32,"1",NA,2024-03-21,2024-03-21 18:35:46,"pm","R",3,"R",115.170221587506,NA,"0",312,0.048,6.76666666666667,0.106669780183958
"1.2",33,"1",NA,2024-03-22,2024-03-22 06:09:45,"am","R",3,"L",38.3901328145035,NA,"1",312,0.142,-11.25,-0.453013669297421
"1.2",34,"1",NA,2024-03-22,2024-03-22 18:33:17,"pm","L",3,"L",115.170221587506,NA,"1",312,0.048,4.28333333333333,0.310871073484311
"1.2",35,"1",NA,2024-03-23,2024-03-23 06:13:49,"am","L",3,"R",38.3901328145035,NA,"0",312,0.142,-6.18333333333333,0.0567782924336177
"1.2",35,"2",NA,2024-03-23,2024-03-23 06:20:47,"am","R",3,"R",38.3901328145035,NA,"0",312,0.142,0.783333333333333,0.577859179029501
"1.2",36,"1",NA,2024-03-23,2024-03-23 18:33:05,"pm","R",3,"L",115.170221587506,NA,"1",312,0.048,4.08333333333333,0.326479351152414
"1.2",36,"2",NA,2024-03-23,2024-03-23 18:48:15,"pm","L",3,"L",115.170221587506,NA,"1",312,0.048,19.25,-1.21040370620465
"1.2",37,"1",NA,2024-03-24,2024-03-24 06:15:15,"am","L",3,"R",115.170221587506,NA,"0",312,0.048,-4.75,0.178218408559843
"1.2",38,"1",NA,2024-03-24,2024-03-24 18:57:40,"pm","R",3,"L",57.5852434358581,NA,"1",312,0.095,28.6666666666667,-2.19844132388766
"1.2",39,"1",NA,2024-03-25,2024-03-25 06:28:24,"am","L",3,"R",38.3901328145035,NA,"0",312,0.142,9.4,0.996856070280181
"1.2",40,"1",NA,2024-03-25,2024-03-25 18:55:51,"pm","R",3,"R",115.170221587506,NA,"1",312,0.048,26.85,-2.02444263285207
"1.2",41,"1",NA,2024-03-26,2024-03-26 06:11:20,"am","L",3,"R",57.5852434358581,NA,"1",312,0.095,-7.66666666666667,-0.0778898900510895
"1.2",41,"2",NA,2024-03-26,2024-03-26 06:29:44,"am","R",3,"R",57.5852434358581,NA,"0",312,0.095,10.7333333333333,1.03976154313317
"1.2",42,"1",NA,2024-03-27,2024-03-27 06:04:28,"am","R",3,"L",38.3901328145035,NA,"1",312,0.142,-13.5333333333333,-0.708466000320819
"1.2",43,"1",NA,2024-03-27,2024-03-27 18:49:52,"pm","L",3,"R",115.170221587506,NA,"0",312,0.048,21.8666666666667,-1.50740637801946
"1.2",44,"1",NA,2024-03-28,2024-03-28 05:54:49,"am","R",3,"R",115.170221587506,NA,"0",312,0.048,-22.1833333333333,-1.80199357595
"1.2",44,"2",NA,2024-03-28,2024-03-28 06:07:47,"am","R",3,"L",57.5852434358581,NA,"1",312,0.095,-9.21666666666667,-0.233271741634437
"1.2",44,"3",NA,2024-03-28,2024-03-28 06:27:42,"am","L",3,"L",57.5852434358581,NA,"1",312,0.095,10.7,1.03876106509513
"1.2",45,"1",NA,2024-03-28,2024-03-28 18:53:11,"pm","L",3,"R",38.3901328145035,NA,"0",312,0.142,25.1833333333333,-1.85882152628282
"1.2",46,"1",NA,2024-03-29,2024-03-29 06:00:02,"am","R",3,"R",115.170221587506,NA,"0",312,0.048,-16.9666666666667,-1.14249038698789
"1.2",46,"2",NA,2024-03-29,2024-03-29 06:23:01,"am","R",3,"L",115.170221587506,NA,"1",312,0.048,6.01666666666667,0.861502094500246
"1.2",47,"1",NA,2024-03-29,2024-03-29 18:54:03,"pm","R",3,"L",57.5852434358581,NA,"0",312,0.095,26.05,-1.94566435143633
"1.2",48,"1",NA,2024-03-30,2024-03-30 06:14:50,"am","L",3,"R",38.3901328145035,NA,"0",312,0.142,-1.16666666666667,0.449177710953031
"1.2",49,"1",NA,2024-03-30,2024-03-30 18:49:56,"pm","R",3,"L",115.170221587506,NA,"1",312,0.048,21.9333333333333,-1.5148327291
"1.2",50,"1",NA,2024-03-31,2024-03-31 18:58:48,"pm","L",3,"R",57.5852434358581,NA,"0",312,0.095,30.8,-2.39419607507536
"1.2",51,"2",NA,2024-04-01,2024-04-01 06:25:04,"am","R",3,"L",38.3901328145035,NA,"1",312,0.142,10.0666666666667,1.01904855007128
"1.2",52,"1",NA,2024-04-03,2024-04-03 19:02:52,"pm","L",3,"L",115.170221587506,NA,"1",312,0.048,34.8666666666667,-2.74220914909604
"1.2",53,"1",NA,2024-04-04,2024-04-04 19:02:29,"pm","L",3,"R",115.170221587506,NA,"0",312,0.048,34.4833333333333,-2.71079201291203
"1.2",54,"1",NA,2024-04-05,2024-04-05 19:00:09,"pm","R",3,"L",57.5852434358581,NA,"1",312,0.095,32.15,-2.51335026606805
"1.2",55,"1",NA,2024-04-06,2024-04-06 18:52:13,"pm","L",3,"L",115.170221587506,NA,"1",312,0.048,24.2166666666667,-1.76010660610925
"1.2",56,"1",NA,2024-04-07,2024-04-07 18:58:14,"pm","L",3,"R",115.170221587506,NA,"0",312,0.048,30.2333333333333,-2.34309444338367
"1.2",57,"1",NA,2024-04-08,2024-04-08 05:49:56,"am","R",3,"R",115.170221587506,NA,"0",312,0.048,-21.0666666666667,-1.65760277301142
"1.2",57,"2",NA,2024-04-08,2024-04-08 06:05:46,"am","R",3,"L",57.5852434358581,NA,"1",312,0.095,-5.23333333333333,0.138121018385238
"1.2",58,"1",NA,2024-04-08,2024-04-08 18:59:10,"pm","L",3,"R",57.5852434358581,NA,"0",312,0.095,31.1666666666667,-2.4269187088504
"1.2",59,"1",NA,2024-04-09,2024-04-09 06:07:20,"am","R",3,"R",38.3901328145035,NA,"0",312,0.142,-3.66666666666667,0.264982482944261
"1.2",60,"1",NA,2024-04-09,2024-04-09 18:51:50,"pm","R",3,"L",38.3901328145035,NA,"1",312,0.142,23.8333333333333,-1.72037973996243
"1.2",61,"1",NA,2024-04-10,2024-04-10 05:44:48,"am","L",3,"R",38.3901328145035,NA,"0",312,0.142,-25.2,-2.17142362112426
"1.2",62,"3",NA,2024-04-11,2024-04-11 05:49:06,"am","R",3,"R",19.1950369312511,NA,"0",312,0.284,-20.9,-1.63612568768659
"1.2",62,"2",NA,2024-04-11,2024-04-11 05:43:17,"am","R",3,"R",19.1950369312511,NA,"0",312,0.284,-26.7166666666667,-2.34674138827314
"1.2",62,"1",NA,2024-04-11,2024-04-11 05:35:01,"am","R",3,"R",38.3901328145035,NA,"0",312,0.142,-34.9833333333333,-3.17942840463143
"1.2",63,"3",NA,2024-04-12,2024-04-12 06:33:51,"am","L",3,"L",19.1950369312511,NA,"1",312,0.284,24.85,1.67305333976519
"1.2",63,"2",NA,2024-04-12,2024-04-12 06:00:43,"am","L",3,"L",19.1950369312511,NA,"1",312,0.284,-8.28333333333333,-0.138022878647442
"1.2",63,"1",NA,2024-04-12,2024-04-12 05:43:42,"am","L",3,"L",19.1950369312511,NA,"1",312,0.284,-25.3,-2.18284298790552
"1.2",64,"1",NA,2024-04-12,2024-04-12 18:48:57,"pm","L",2,"R",57.5852434358581,NA,"0",180,0.055,20.95,-1.40430223198085
"1.4V",65,"1","training",2024-04-17,2024-04-17 18:53:17,"pm","R",1,"R",19.1950369312511,NA,"1",50,0.046,25.2833333333333,-1.86892175391813
"1.4V",66,"1","training",2024-04-18,2024-04-18 05:57:57,"am","R",1,"R",57.5852434358581,NA,"1",50,0.017,-9.05,-0.215933210154913
"1.4V",67,"1","training",2024-04-18,2024-04-18 18:49:21,"pm","L",1,"L",115.170221587506,NA,"1",50,0.01,21.35,-1.4494982376548
"1.4V",68,"1","training",2024-04-19,2024-04-19 05:41:20,"am","L",1,"L",115.170221587506,NA,"1",50,0.01,-24.6666666666667,-2.11035839132659
"1.4V",68,"2","training",2024-04-19,2024-04-19 05:59:48,"am","L",1,"L",115.170221587506,NA,"1",50,0.01,-6.2,0.055321039796655
"1.4V",69,"1","testing",2024-04-19,2024-04-19 18:54:05,"pm","L",2,"R",115.170221587506,NA,"0",180,0.028,26.0833333333333,-1.94897325475202
"1.4V",70,"1","testing",2024-04-20,2024-04-20 05:51:56,"am","R",2,"R",115.170221587506,NA,"1",180,0.028,-14.0666666666667,-0.771900223692114
"1.4V",71,"1","testing",2024-04-21,2024-04-21 05:53:08,"am","R",2,"L",115.170221587506,NA,"1",180,0.028,-11.8666666666667,-0.521500153765277
"1.4V",72,"1","testing",2024-04-22,2024-04-22 05:47:46,"am","R",2,"R",115.170221587506,NA,"0",180,0.028,-17.2333333333333,-1.17705387518556
"1.4V",73,"1","testing",2024-04-23,2024-04-23 05:52:03,"am","L",2,"L",115.170221587506,NA,"1",180,0.028,-11.95,-0.530780828224013
"1.4V",74,"1","testing",2024-04-24,2024-04-24 05:57:42,"am","L",2,"R",115.170221587506,NA,"0",180,0.028,-6.3,0.0465555335668984
"1.4V",75,"1","testing",2024-04-26,2024-04-26 18:51:36,"pm","L",3,"L",57.5852434358581,NA,"1",312,0.095,23.6,-1.69589704731528
"1.4V",76,"1","testing",2024-04-28,2024-04-28 05:49:24,"am","R",2,"R",57.5852434358581,NA,"0",180,0.055,-13.6,-0.716258405148635
"1.4V",77,"1","testing",2024-04-28,2024-04-28 18:46:56,"pm","R",2,"L",57.5852434358581,NA,"0",180,0.055,18.9333333333333,-1.17424599731456
"1.4V",78,NA,"testing",2024-04-30,2024-04-30 05:52:12,"am","L",2,"L",57.5852434358581,NA,"1",180,0.055,-9.8,-0.294919117772471
"1.4V",79,"1","testing",2024-04-30,2024-04-30 18:56:52,"pm","L",2,"R",57.5852434358581,NA,"1",180,0.055,27.8666666666667,-2.12265161590713
"1.4V",80,"1","testing",2024-05-01,2024-05-01 05:50:44,"am","R",2,"L",57.5852434358581,NA,"1",180,0.055,-11.2666666666667,-0.454858525250903
"1.4V",81,"1","testing",2024-05-01,2024-05-01 18:40:29,"pm","L",2,"L",57.5852434358581,NA,"1",180,0.055,11.4833333333333,-0.351973793733607
"1.4V",82,"1","testing",2024-05-02,2024-05-02 06:12:08,"am","L",2,"R",57.5852434358581,NA,"0",180,0.055,11.1333333333333,1.05147827437814
"1.4V",83,"1","testing",2024-05-02,2024-05-02 18:49:45,"pm","R",2,"L",57.5852434358581,NA,"1",180,0.055,20.75,-1.38160991631789
"1.4V",84,"1","testing",2024-05-03,2024-05-03 05:50:28,"am","L",2,"R",57.5852434358581,NA,"1",180,0.055,-10.5333333333333,-0.374183091771906
"1.4V",85,"1","testing",2024-05-03,2024-05-03 18:47:10,"pm","R",2,"R",57.5852434358581,NA,"1",180,0.055,18.1666666666667,-1.08708260306922
"1.4V",86,"1","testing",2024-05-04,2024-05-04 05:55:19,"am","L",2,"L",19.1950369312511,NA,"0",180,0.164,-5.68333333333333,0.10001061371818
"1.4V",87,"1","testing",2024-05-05,2024-05-05 18:51:04,"pm","R",2,"L",19.1950369312511,NA,"0",180,0.164,22.0666666666667,-1.52965058249076
"1.4V",88,"1","testing",2024-05-06,2024-05-06 05:45:47,"am","L",2,"R",57.5852434358581,NA,"1",180,0.055,-14.2166666666667,-0.79015784567846
"1.4V",89,"1","testing",2024-05-06,2024-05-06 18:51:44,"pm","L",2,"L",57.5852434358581,NA,"0",180,0.055,22.7333333333333,-1.60295739487138
"1.4V",90,"1","testing",2024-05-07,2024-05-07 18:59:10,"pm","L",NA,"R",19.1950369312511,NA,"1",NA,NA,30.1666666666667,-2.33704004627864
"1.4V",91,"1","training",2024-05-08,2024-05-08 05:54:39,"am","R",1,"R",57.5852434358581,NA,"1",50,0.017,-5.35,0.128312857696998
"1.4V",92,"1","testing",2024-05-08,2024-05-08 18:56:43,"pm","L",2,"R",57.5852434358581,NA,"1",180,0.055,27.7166666666667,-2.10829531173934
"1.4V",93,"1","testing",2024-05-09,2024-05-09 05:50:36,"am","R",2,"R",19.1950369312511,NA,"1",180,0.164,-8.4,-0.149667506314146
"1.4V",94,"1","testing",2024-05-09,2024-05-09 18:50:42,"pm","R",2,"R",19.1950369312511,NA,"1",180,0.164,20.7,-1.37592851571292
"1.4V",95,"1","testing",2024-05-11,2024-05-11 05:42:45,"am","R",2,"R",19.1950369312511,NA,"0",180,0.164,-16.25,-1.04917424990463
"1.4V",96,"1","testing",2024-05-12,2024-05-12 05:48:04,"am","L",2,"L",57.5852434358581,NA,"1",180,0.055,-10.9333333333333,-0.418050865127234
"1.4V",97,"1","testing",2024-05-12,2024-05-12 18:59:39,"pm","L",2,"R",19.1950369312511,NA,"0",180,0.164,29.65,-2.28981464816311
"1.4V",98,"1","testing",2024-05-13,2024-05-13 05:46:22,"am","R",2,"L",57.5852434358581,NA,"1",180,0.055,-11.6333333333333,-0.495539758249954
"1.4V",99,"1","testing",2024-05-13,2024-05-13 18:50:06,"pm","L",2,"R",19.1950369312511,NA,"1",180,0.164,20.1,-1.30755337633893
"1.4V",100,"1","testing",2024-05-14,2024-05-14 05:51:50,"am","R",2,"L",57.5852434358581,NA,"1",180,0.055,-6.16666666666667,0.0582344986860408
"1.4V",100,"2","testing",2024-05-14,2024-05-14 05:55:32,"am","L",2,"L",57.5852434358581,NA,"1",180,0.055,-2.46666666666667,0.356150172913113
"1.4V",101,"1","testing",2024-05-15,2024-05-15 05:48:42,"am","L",2,"R",28.7925885573646,NA,"1",180,0.109,-9.3,-0.241989458593438
"1.4V",101,"2","testing",2024-05-15,2024-05-15 05:56:29,"am","R",2,"R",28.7925885573646,NA,"1",180,0.109,-1.51666666666667,0.424711315688185
"1.4V",102,"1","training",2024-05-15,2024-05-15 18:56:48,"pm","R",2,"L",57.5852434358581,NA,"0",180,0.055,25.8,-1.9207740074343
"1.4V",103,"1","training",2024-05-16,2024-05-16 05:44:24,"am","L",2,"L",28.7925885573646,NA,"0",180,0.109,-13.6,-0.716258405148635
"1.4V",103,"2","training",2024-05-16,2024-05-16 05:44:54,"am","L",2,"L",28.7925885573646,NA,"1",180,0.109,-13.1,-0.65888192023316
"1.4V",103,"3","training",2024-05-16,2024-05-16 06:20:50,"am","L",2,"L",57.5852434358581,NA,"0",180,0.055,22.8333333333333,1.15603182625624
"1.4V",104,"1","training",2024-05-16,2024-05-16 18:49:53,"pm","L",2,"R",57.5852434358581,NA,"1",180,0.055,18.8833333333333,-1.16854276237171
"1.4V",104,"2","training",2024-05-16,2024-05-16 18:51:21,"pm","L",2,"R",57.5852434358581,NA,"0",180,0.055,20.35,-1.3360810427534
"1.4V",105,"1","training",2024-05-17,2024-05-17 05:49:52,"am","R",2,"R",28.7925885573646,NA,"1",180,0.109,-8.13333333333333,-0.123171877695187
"1.4V",105,"2","training",2024-05-17,2024-05-17 05:55:29,"am","R",2,"R",28.7925885573646,NA,"1",180,0.109,-2.51666666666667,0.352453843090231
"1.4V",106,"1","training",2024-05-17,2024-05-17 18:37:28,"pm","R",2,"R",28.7925885573646,NA,"1",180,0.109,6.46666666666667,0.132386587119646
"1.4V",107,"1","training",2024-05-18,2024-05-18 05:22:53,"am","L",2,"L",57.5852434358581,NA,"0",180,0.055,-35.1166666666667,-3.19029835635523
"1.4V",107,"2","training",2024-05-18,2024-05-18 05:39:24,"am","L",2,"R",28.7925885573646,NA,"1",180,0.109,-18.6,-1.35000157345422
"1.4V",107,"3","training",2024-05-18,2024-05-18 05:50:28,"am","R",2,"R",28.7925885573646,NA,"1",180,0.109,-7.53333333333333,-0.0652233199754091
"1.4V",107,"4","training",2024-05-18,2024-05-18 05:53:17,"am",NA,2,"R",28.7925885573646,NA,"1",180,0.109,-4.71666666666667,0.180952004071636
"1.4V",108,"1","training",2024-05-19,2024-05-19 05:49:41,"am","L",2,"L",28.7925885573646,NA,"0",180,0.109,-8.31666666666667,-0.141341663683782
"1.4V",108,"2","training",2024-05-19,2024-05-19 06:23:44,"am","L",2,"L",28.7925885573646,NA,"0",180,0.109,25.7333333333333,1.67305333976519
"1.4V",109,"1","training",2024-05-20,2024-05-20 05:49:46,"am","L",2,"L",28.7925885573646,NA,"0",180,0.109,-8.23333333333333,-0.133057252727786
"1.4V",109,"2","training",2024-05-20,2024-05-20 05:52:35,"am","L",2,"L",28.7925885573646,NA,"0",180,0.109,-5.41666666666667,0.122685501222962
"1.4V",110,"1","testing",2024-05-21,2024-05-21 05:48:27,"am","L",2,"L",28.7925885573646,NA,"0",180,0.109,-8.55,-0.164755646246228
"1.4V",110,"2","testing",2024-05-21,2024-05-21 05:58:30,"am","L",2,"L",28.7925885573646,NA,"0",180,0.109,1.5,0.622002323030714
"1.4V",111,"1","testing",2024-05-21,2024-05-21 18:57:05,"pm","L",2,"L",57.5852434358581,NA,"1",180,0.055,25.0833333333333,-1.84870040598392
"1.4V",112,"1","testing",2024-05-22,2024-05-22 05:48:18,"am","L",2,"R",28.7925885573646,NA,"1",180,0.109,-8.7,-0.179970110614481
"1.4V",112,"2","testing",2024-05-22,2024-05-22 05:55:03,"am","L",2,"R",28.7925885573646,NA,"0",180,0.109,-1.95,0.393829846500491
"1.4V",113,"1","testing",2024-05-22,2024-05-22 18:58:48,"pm","R",2,"L",57.5852434358581,NA,"1",180,0.055,26.8,-2.01955777156461
"1.4V",114,"1","testing",2024-05-24,2024-05-24 05:51:32,"am","L",2,"R",28.7925885573646,NA,"1",180,0.109,-5.46666666666667,0.118454138719645
"1.4V",114,"2","testing",2024-05-24,2024-05-24 05:58:07,"am","L",2,"R",28.7925885573646,NA,"1",180,0.109,1.11666666666667,0.598599332004168
"1.4V",115,"1","testing",2024-05-25,2024-05-25 18:57:05,"pm","R",2,"R",28.7925885573646,NA,"0",180,0.109,24.0833333333333,-1.74633677782204
"1.4V",116,"1","testing",2024-05-26,2024-05-26 05:46:53,"am","R",2,"L",28.7925885573646,NA,"0",180,0.109,-10.1166666666667,-0.328935468441167
"1.4V",116,"2","testing",2024-05-26,2024-05-26 05:47:39,"am","R",2,"L",28.7925885573646,NA,"0",180,0.109,-9.35,-0.247235090670818
"1.4V",117,"1","testing",2024-05-27,2024-05-27 05:41:43,"am","R",2,"R",28.7925885573646,NA,"1",180,0.109,-15.2833333333333,-0.924037484610986
"1.4V",117,"2","testing",2024-05-27,2024-05-27 05:45:32,"am","R",2,"R",28.7925885573646,NA,"1",180,0.109,-11.4666666666667,-0.477027715414161
"1.4V",118,"1","testing",2024-05-31,2024-05-31 19:05:01,"pm","R",2,"L",38.3901328145035,NA,"0",180,0.082,31.0166666666667,-2.41356469866337
"1.4V",119,"1","testing",2024-06-01,2024-06-01 05:31:04,"am","L",2,"L",38.3901328145035,NA,"0",180,0.082,-25.9333333333333,-2.2557358185162
"1.4V",119,"2","testing",2024-06-01,2024-06-01 05:42:57,"am","L",2,"L",38.3901328145035,NA,"0",180,0.082,-14.05,-0.769882116412397
"1.4V",120,"1","testing",2024-06-02,2024-06-02 05:38:06,"am","L",2,"R",38.3901328145035,NA,"1",180,0.082,-18.9,-1.38650408353922
"1.4V",120,"2","testing",2024-06-02,2024-06-02 05:45:37,"am","R",2,"R",38.3901328145035,NA,"1",180,0.082,-11.3833333333333,-0.467783941640281
"1.4V",120,"3","testing",2024-06-02,2024-06-02 05:55:08,"am","R",2,"R",38.3901328145035,NA,"1",180,0.082,-1.86666666666667,0.399819478329163
"1.4V",121,"1","testing",2024-06-02,2024-06-02 18:52:53,"pm","R",2,"R",38.3901328145035,NA,"1",180,0.082,17.8833333333333,-1.05508003042395
"1.4V",121,"2","testing",2024-06-02,2024-06-02 19:08:18,"pm","R",2,"R",38.3901328145035,NA,"1",180,0.082,33.3,-2.61199873799763
"1.4V",122,"1","testing",2024-06-03,2024-06-03 05:39:01,"am","R",2,"L",38.3901328145035,NA,"0",180,0.082,-17.9833333333333,-1.27308679585601
"1.4V",122,"2","testing",2024-06-03,2024-06-03 05:56:07,"am","R",2,"L",38.3901328145035,NA,"0",180,0.082,-0.883333333333333,0.468674088158698
"1.4V",123,"1","testing",2024-06-03,2024-06-03 19:02:40,"pm","L",2,"L",38.3901328145035,NA,"0",180,0.082,27.6666666666667,-2.10349962485765
"1.4V",124,"1","testing",2024-06-04,2024-06-04 05:32:38,"am","L",2,"R",38.3901328145035,NA,"1",180,0.082,-25.3666666666667,-2.19047146135054
"1.4V",124,"2","testing",2024-06-04,2024-06-04 05:54:31,"am","R",2,"R",38.3901328145035,NA,"1",180,0.082,-3.48333333333333,0.279244459492196
"1.4V",125,"1","testing",2024-06-05,2024-06-05 05:33:59,"am","R",2,"L",38.3901328145035,NA,"0",180,0.082,-24.0166666666667,-2.0329963185617
"1.4V",125,"2","testing",2024-06-05,2024-06-05 06:07:11,"am","L",2,"L",38.3901328145035,NA,"0",180,0.082,9.18333333333333,0.989325327769594
"1.4V",126,"1","testing",2024-06-06,2024-06-06 05:30:19,"am","L",2,"L",38.3901328145035,NA,"0",180,0.082,-27.6833333333333,-2.45910925008175
"1.4V",126,"2","testing",2024-06-06,2024-06-06 05:50:11,"am","L",2,"L",38.3901328145035,NA,"0",180,0.082,-7.81666666666667,-0.0922872061990491
"1.4V",126,"3","testing",2024-06-06,2024-06-06 05:58:56,"am","L",2,"L",38.3901328145035,NA,"0",180,0.082,0.933333333333333,0.587237092479431
"1.4V",126,"4","testing",2024-06-06,2024-06-06 06:07:39,"am","L",2,"L",38.3901328145035,NA,"1",180,0.082,9.65,1.00535148855113
"1.4V",127,"1","testing",2024-06-06,2024-06-06 18:50:40,"pm","L",2,"R",38.3901328145035,NA,"1",180,0.082,14.6666666666667,-0.70236793315762
"1.4V",127,"2","testing",2024-06-06,2024-06-06 19:05:05,"pm","L",2,"R",38.3901328145035,NA,"1",180,0.082,29.0833333333333,-2.23739842810251
"1.4V",128,"1","testing",2024-06-07,2024-06-07 05:36:59,"am","R",2,"R",38.3901328145035,NA,"1",180,0.082,-21.0166666666667,-1.65115443656833
"1.4V",128,"2","testing",2024-06-07,2024-06-07 06:06:30,"am","R",2,"R",38.3901328145035,NA,"1",180,0.082,8.5,0.964553265580793
"1.4V",129,"1","testing",2024-06-07,2024-06-07 19:08:35,"pm","R",2,"L",38.3901328145035,NA,"0",180,0.082,32.5833333333333,-2.55082896318847
"1.4V",130,"1","testing",2024-06-08,2024-06-08 05:30:18,"am","L",2,"L",38.3901328145035,NA,"0",180,0.082,-27.7,-2.46103840137834
"1.4V",130,"2","testing",2024-06-08,2024-06-08 05:50:12,"am","L",2,"L",38.3901328145035,NA,"0",180,0.082,-7.8,-0.0906799448032722
"1.4V",130,"3","testing",2024-06-08,2024-06-08 06:07:37,"am","L",2,"L",38.3901328145035,NA,"1",180,0.082,9.61666666666667,1.00423077330397
"1.4V",131,"1","testing",2024-06-08,2024-06-08 19:01:37,"pm","L",2,"L",115.170221587506,NA,"1",180,0.028,25.6166666666667,-1.90243848217596
"1.4V",132,"1","testing",2024-06-09,2024-06-09 05:26:52,"am","L",2,"L",115.170221587506,NA,"1",180,0.028,-31.1333333333333,-2.83653108472834
"1.4V",132,"2","testing",2024-06-09,2024-06-09 06:08:39,"am","L",2,"R",115.170221587506,NA,"1",180,0.028,10.65,1.03725340327805
"1.4V",133,"1","testing",2024-06-10,2024-06-10 18:37:38,"pm","L",2,"L",115.170221587506,NA,"1",180,0.028,0.633333333333333,0.57719075599236
"1.4V",134,"1","testing",2024-06-11,2024-06-11 19:05:03,"pm","L",2,"R",115.170221587506,NA,"1",180,0.028,28.05,-2.14013561688037
"1.4V",135,"1","testing",2024-06-12,2024-06-12 05:26:46,"am","R",2,"L",115.170221587506,NA,"1",180,0.028,-32.2333333333333,-2.94087003321342
"1.4V",135,"2","testing",2024-06-12,2024-06-12 05:48:28,"am","L",2,"L",115.170221587506,NA,"1",180,0.028,-10.5333333333333,-0.374183091771906
"1.4V",136,"1","testing",2024-06-12,2024-06-12 19:11:28,"pm","L",2,"R",115.170221587506,NA,"0",180,0.028,33.4666666666667,-2.62607930964375
"1.4V",137,"1","testing",2024-06-13,2024-06-13 05:43:35,"am","R",2,"R",115.170221587506,NA,"1",180,0.028,-15.4166666666667,-0.94115459099972
"1.4V",137,"2","testing",2024-06-13,2024-06-13 05:53:58,"am","R",2,"R",115.170221587506,NA,"1",180,0.028,-5.03333333333333,0.154817670883748
"1.4V",137,"3","testing",2024-06-13,2024-06-13 06:05:15,"am","R",2,"R",115.170221587506,NA,"1",180,0.028,6.25,0.872052476380181
"1.4V",138,"1","testing",2024-06-13,2024-06-13 18:30:05,"pm","R",2,"R",115.170221587506,NA,"1",180,0.028,-7.91666666666667,1.0362042010869
"1.4V",138,"2","testing",2024-06-13,2024-06-13 18:51:59,"pm","R",2,"L",115.170221587506,NA,"1",180,0.028,13.9833333333333,-0.626884833045348
"1.4V",138,"3","testing",2024-06-13,2024-06-13 19:01:37,"pm","L",2,"L",115.170221587506,NA,"1",180,0.028,23.6166666666667,-1.69765399164114
"1.4V",139,"1","testing",2024-06-14,2024-06-14 05:44:58,"am","L",2,"L",115.170221587506,NA,"1",180,0.028,-14.0333333333333,-0.767866167720623
"1.4V",139,"2","testing",2024-06-14,2024-06-14 06:05:22,"am","L",2,"L",115.170221587506,NA,"1",180,0.028,6.36666666666667,0.877260285170203
"1.4V",140,"1","testing",2024-06-14,2024-06-14 18:59:44,"pm","L",2,"R",115.170221587506,NA,"0",180,0.028,21.7333333333333,-1.49252047091817
"1.4V",141,"1","testing",2024-06-16,2024-06-16 19:07:46,"pm","L",2,"R",115.170221587506,NA,"1",180,0.028,29.7666666666667,-2.30052554583729
"1.4V",142,"1",NA,2024-06-21,2024-06-21 18:56:07,"pm","R",2,"L",115.170221587506,NA,"1",180,0.028,16.1166666666667,-0.859977363940438
"1.4V",143,"1",NA,2024-06-22,2024-06-22 05:25:33,"am","L",2,"R",115.170221587506,NA,"1",180,0.028,-35.45,-3.21715817748656
"1.4V",143,"2",NA,2024-06-22,2024-06-22 05:38:55,"am","R",3,"R",115.170221587506,NA,"0",312,0.048,-22.0833333333333,-1.78908453062035
"1.4V",143,"3",NA,2024-06-22,2024-06-22 05:59:21,"am","R",3,"R",115.170221587506,NA,"1",312,0.048,-1.65,0.415279023092645
"1.4V",144,"1",NA,2024-06-23,2024-06-23 19:02:41,"pm","R",2,"R",115.170221587506,NA,"1",180,0.028,22.6833333333333,-1.59750889612465
"1.4V",145,"1",NA,2024-06-24,2024-06-24 18:58:55,"pm","R",2,"L",115.170221587506,NA,"0",180,0.028,18.9166666666667,-1.17234470666329
"1.4V",146,"1",NA,2024-06-25,2024-06-25 19:06:29,"pm","L",2,"R",115.170221587506,NA,"1",180,0.028,26.4833333333333,-1.98850036522537
"1.4V",147,"1",NA,2024-06-26,2024-06-26 19:00:52,"pm","R",2,"R",115.170221587506,NA,"1",180,0.028,19.8666666666667,-1.2808959244199
"1.4V",148,"1",NA,2024-06-27,2024-06-27 19:02:34,"pm","R",2,"L",115.170221587506,NA,"0",180,0.028,21.5666666666667,-1.47385421817831
"1.4V",149,"1",NA,2024-06-28,2024-06-28 19:08:52,"pm","L",2,"R",115.170221587506,NA,"1",180,0.028,27.8666666666667,-2.12265161590713
"1.5H",150,"1","training",2024-04-18,2024-04-18 06:18:12,"am","L",1,"L",57.5852434358581,NA,"1",50,0.017,11.2,1.05337917102784
"1.5H",151,"1","training",2024-04-18,2024-04-18 18:57:05,"pm","R",1,"R",115.170221587506,NA,"1",50,0.01,29.0833333333333,-2.23739842810251
"1.5H",152,"1","training",2024-04-19,2024-04-19 06:03:49,"am","R",1,"R",115.170221587506,NA,"1",50,0.01,-2.18333333333333,0.376929444535947
"1.5H",153,"1","training",2024-04-19,2024-04-19 18:50:55,"pm","R",2,"L",115.170221587506,NA,"1",180,0.028,22.9166666666667,-1.6228598067402
"1.5H",154,"1","training",2024-04-20,2024-04-20 05:52:08,"am","L",2,"L",115.170221587506,NA,"1",180,0.028,-13.8666666666667,-0.747828709791225
"1.5H",155,"1","training",2024-04-20,2024-04-20 18:50:30,"pm","R",2,"L",115.170221587506,NA,"0",180,0.028,22.5,-1.57745894673934
"1.5H",156,"1","training",2024-04-21,2024-04-21 06:10:56,"am","L",2,"R",115.170221587506,NA,"1",180,0.028,5.93333333333333,0.857690568769833
"1.5H",157,"1","training",2024-04-21,2024-04-21 18:58:16,"pm","R",2,"L",115.170221587506,NA,"1",180,0.028,30.2666666666667,-2.34611828689243
"1.5H",158,"1","training",2024-04-22,2024-04-22 05:40:05,"am","L",2,"L",115.170221587506,NA,"0",180,0.028,-24.9166666666667,-2.13919130097314
"1.5H",158,"2","training",2024-04-22,2024-04-22 05:52:22,"am","L",2,"L",115.170221587506,NA,"0",180,0.028,-12.6333333333333,-0.606931485700895
"1.5H",159,"1","training",2024-04-22,2024-04-22 18:50:37,"pm","L",2,"L",115.170221587506,NA,"1",180,0.028,22.6166666666667,-1.59023095047639
"1.5H",160,"1","training",2024-04-23,2024-04-23 05:50:35,"am","R",2,"R",115.170221587506,NA,"1",180,0.028,-13.4166666666667,-0.694930914755998
"1.5H",160,"2","training",2024-04-23,2024-04-23 05:57:35,"am","R",2,"R",115.170221587506,NA,"1",180,0.028,-6.41666666666667,0.0362814018202699
"1.5H",161,"1","training",2024-04-24,2024-04-24 05:57:37,"am","R",2,"L",115.170221587506,NA,"0",180,0.028,-6.38333333333333,0.0392221159972837
"1.5H",161,"2","training",2024-04-24,2024-04-24 06:05:41,"am","L",2,"L",115.170221587506,NA,"0",180,0.028,1.68333333333333,0.633025457208154
"1.5H",162,"1","testing",2024-04-24,2024-04-24 18:49:21,"pm","L",3,"R",57.5852434358581,NA,"1",312,0.095,21.35,-1.4494982376548
"1.5H",163,"1","testing",2024-04-27,2024-04-27 18:45:21,"pm","L",2,"L",57.5852434358581,NA,"0",180,0.055,17.35,-0.995274858126962
"1.5H",164,"1","testing",2024-04-28,2024-04-28 18:46:45,"pm","L",2,"R",57.5852434358581,NA,"1",180,0.055,18.75,-1.15334423210677
"1.5H",165,"1","testing",2024-04-29,2024-04-29 05:55:17,"am","R",2,"L",57.5852434358581,NA,"1",180,0.055,-6.71666666666667,0.00962561005262567
"1.5H",166,"1","testing",2024-04-30,2024-04-30 05:58:27,"am","R",2,"R",57.5852434358581,NA,"1",180,0.055,-3.55,0.274072294529177
"1.5H",167,"1","testing",2024-05-01,2024-05-01 05:49:53,"am","L",2,"R",57.5852434358581,NA,"1",180,0.055,-12.1166666666667,-0.549351493099185
"1.5H",168,"1","testing",2024-05-02,2024-05-02 05:55:16,"am","R",2,"L",57.5852434358581,NA,"0",180,0.055,-5.73333333333333,0.0957295357355033
"1.5H",168,"2","testing",2024-05-02,2024-05-02 06:09:36,"am","R",2,"L",57.5852434358581,NA,"1",180,0.055,8.6,0.968275255304742
"1.5H",169,"1","testing",2024-05-03,2024-05-03 05:55:17,"am","L",2,"L",57.5852434358581,NA,"0",180,0.055,-5.71666666666667,0.0971575998507266
"1.5H",170,"1","testing",2024-05-04,2024-05-04 05:56:45,"am","R",2,"R",19.1950369312511,NA,"1",180,0.164,-4.25,0.218794700899544
"1.5H",171,"1","testing",2024-05-06,2024-05-06 19:09:00,"pm","L",2,"R",57.5852434358581,NA,"0",180,0.055,40,-3.13575646988135
"1.5H",172,"1","training",2024-05-08,2024-05-08 06:00:26,"am","L",1,"L",57.5852434358581,NA,"1",50,0.017,0.433333333333333,0.555692153479416
"1.5H",173,"1","testing",2024-05-08,2024-05-08 18:55:12,"pm","L",2,"R",57.5852434358581,NA,"0",180,0.055,26.2,-1.96053625810527
"1.5H",174,"1","testing",2024-05-09,2024-05-09 06:00:51,"am","L",2,"L",19.1950369312511,NA,"0",180,0.164,1.85,0.642951205268316
"1.5H",175,"1","testing",2024-05-09,2024-05-09 18:40:55,"pm","L",2,"L",19.1950369312511,NA,"0",180,0.164,10.9166666666667,-0.291339986574193
"1.5H",175,"2","testing",2024-05-09,2024-05-09 18:47:18,"pm","L",2,"L",19.1950369312511,NA,"0",180,0.164,17.3,-0.989701924949546
"1.5H",176,"1","testing",2024-05-10,2024-05-10 05:52:09,"am","L",2,"R",57.5852434358581,NA,"1",180,0.055,-6.85,-0.00233110202194048
"1.5H",177,"1","testing",2024-05-10,2024-05-10 18:56:42,"pm","R",2,"L",57.5852434358581,NA,"0",180,0.055,26.7,-2.00977256105609
"1.5H",178,"1","testing",2024-05-11,2024-05-11 05:43:12,"am","L",2,"R",19.1950369312511,NA,"1",180,0.164,-15.8,-0.990669638253264
"1.5H",178,"2","testing",2024-05-11,2024-05-11 05:55:28,"am","R",2,"R",19.1950369312511,NA,"1",180,0.164,-3.53333333333333,0.275366835495508
"1.5H",179,"1","testing",2024-05-13,2024-05-13 05:55:07,"am","R",2,"R",57.5852434358581,NA,"1",180,0.055,-2.88333333333333,0.325076805768335
"1.5H",180,"1","testing",2024-05-13,2024-05-13 18:56:24,"pm","R",2,"L",19.1950369312511,NA,"0",180,0.164,26.4,-1.98029288988861
"1.5H",181,"1","testing",2024-05-14,2024-05-14 05:56:14,"am","R",2,"R",57.5852434358581,NA,"1",180,0.055,-1.76666666666667,0.406975001812288
"1.5H",181,"2","testing",2024-05-14,2024-05-14 06:00:40,"am","R",2,"R",57.5852434358581,NA,"1",180,0.055,2.66666666666667,0.690274487279408
"2.1",182,"1",NA,2024-02-22,2024-02-22 06:15:20,"am","L",1,"L",NA,NA,"1",50,NA,-19.6666666666667,-1.4798332473138
"2.1",182,"2",NA,2024-02-22,2024-02-22 06:27:41,"am","L",1,"L",NA,NA,"0",50,NA,-7.31666666666667,-0.0449127220577672
"2.1",182,"3",NA,2024-02-22,2024-02-22 06:31:56,"am","L",1,"L",NA,NA,"1",50,NA,-3.06666666666667,0.311209043594356
"2.1",183,"1",NA,2024-02-22,2024-02-22 19:00:52,"pm","L",1,"R",NA,NA,"1",50,NA,32.8666666666667,-2.5751334372828
"2.1",184,"1",NA,2024-02-23,2024-02-23 06:13:15,"am","R",2,"L",NA,NA,"1",180,NA,-20.75,-1.61684469545752
"2.1",184,"2",NA,2024-02-23,2024-02-23 06:27:41,"am","L",2,"L",NA,NA,"1",180,NA,-6.31666666666667,0.0450909480718343
"2.1",185,"1",NA,2024-02-24,2024-02-24 18:56:58,"pm","L",3,"R",NA,NA,"0",312,NA,27.9666666666667,-2.13219687386753
"2.1",185,"2",NA,2024-02-24,2024-02-24 18:57:34,"pm","L",3,"R",NA,NA,"0",312,NA,28.5666666666667,-2.18903904894053
"2.1",186,"1",NA,2024-02-25,2024-02-25 18:55:54,"pm","R",2,"L",NA,NA,"0",180,NA,26.9,-2.02932233401671
"2.1",187,"1",NA,2024-02-26,2024-02-26 06:04:01,"am","L",3,"R",NA,NA,"1",312,NA,-28.9833333333333,-2.60759152281876
"2.1",187,"2",NA,2024-02-26,2024-02-26 06:28:30,"am","R",3,"R",NA,NA,"0",312,NA,-4.5,0.198620959067055
"2.1",188,"1",NA,2024-03-21,2024-03-21 06:35:57,"am","R",3,"L",38.3901328145035,NA,"1",312,0.142,14.95,1.13635768246499
"2.1",189,"1",NA,2024-03-21,2024-03-21 18:41:54,"pm","R",3,"L",115.170221587506,NA,"1",312,0.048,12.9,-0.506930846583042
"2.1",190,"1",NA,2024-03-22,2024-03-22 06:19:00,"am","L",3,"R",57.5852434358581,NA,"0",312,0.095,-2,0.39022440208472
"2.1",191,"1",NA,2024-03-22,2024-03-22 18:35:44,"pm","R",3,"L",57.5852434358581,NA,"0",312,0.095,6.73333333333333,0.109541791751943
"2.1",192,"1",NA,2024-03-23,2024-03-23 06:28:57,"am","L",3,"R",38.3901328145035,NA,"1",312,0.142,8.95,0.981040877899209
"2.2000000000000002",193,"1",NA,2024-02-23,2024-02-23 06:13:15,"am","L",2,"R",NA,NA,"1",180,NA,-20.75,-1.61684469545752
"2.2000000000000002",193,"2",NA,2024-02-23,2024-02-23 06:27:39,"am","L",2,"R",NA,NA,"1",180,NA,-6.35,0.0421586306367268
"2.2000000000000002",194,"1",NA,2024-02-23,2024-02-23 18:49:37,"pm","R",1,"R",NA,NA,"1",50,NA,21.6166666666667,-1.47946069234343
"2.2000000000000002",195,"1",NA,2024-02-26,2024-02-26 18:53:13,"pm","R",1,"L",NA,NA,"1",50,NA,24.2166666666667,-1.76010660610925
"2.2000000000000002",196,"1",NA,2024-02-27,2024-02-27 06:21:05,"am","L",2,"R",NA,NA,"1",180,NA,-11.9166666666667,-0.527068102054181
"2.2000000000000002",196,"2",NA,2024-02-27,2024-02-27 06:27:33,"am","R",2,"L",NA,NA,"0",180,NA,-5.45,0.119865626341944
"2.2999999999999998",197,"1",NA,2024-02-27,2024-02-27 18:48:37,"pm","L",1,"L",NA,NA,"1",50,NA,19.6166666666667,-1.25231686651085
"2.2999999999999998",198,"1",NA,2024-02-28,2024-02-28 06:09:00,"am","L",1,"L",NA,NA,"1*",50,NA,-23,-1.90657907765215
"2.6",199,"1",NA,2024-03-01,2024-03-01 18:49:59,"pm","R",1,"R",57.5852434358581,NA,"1",50,0.017,20.9833333333333,-1.40807869911849
"2.6",200,"1",NA,2024-03-04,2024-03-04 06:25:01,"am","?",1,"?",57.5852434358581,NA,"1",50,0.017,-4.98333333333333,0.158968723463047
"2.6",201,"1",NA,2024-03-04,2024-03-04 18:46:23,"pm","R",1,"R",57.5852434358581,NA,"1",50,0.017,17.3833333333333,-0.998993622972309
"2.6",202,"1",NA,2024-03-05,2024-03-05 06:31:51,"am","R",3,"R",57.5852434358581,NA,"1",312,0.095,1.85,0.642951205268316
"2.6",203,"1",NA,2024-03-05,2024-03-05 18:42:52,"pm","L",3,"L",57.5852434358581,NA,"0",312,0.095,13.8666666666667,-0.613964062342889
"2.6",204,"1",NA,2024-03-06,2024-03-06 06:17:08,"am","L",3,"R",57.5852434358581,NA,"1",312,0.095,-11.8666666666667,-0.521500153765277
"2.6",205,"1",NA,2024-03-07,2024-03-07 06:28:07,"am","R",3,"L",115.170221587506,NA,"0",312,0.048,-0.883333333333333,0.468674088158698
"2.6",206,"1",NA,2024-03-07,2024-03-07 18:50:37,"pm","L",3,"R",57.5852434358581,NA,"1",312,0.095,21.6166666666667,-1.47946069234343
"2.6",207,"1",NA,2024-03-08,2024-03-08 06:32:16,"am","R",3,"L",38.3901328145035,NA,"0",312,0.142,4.26666666666667,0.776655725716823
"2.6",208,"1",NA,2024-03-08,2024-03-08 18:46:39,"pm","L",3,"R",57.5852434358581,NA,"0",312,0.095,17.65,-1.02883867420978
"2.6",209,"1",NA,2024-03-11,2024-03-11 06:33:55,"am","L",3,"R",115.170221587506,NA,"0",312,0.048,6.91666666666667,0.901205913064134
"2.6",210,"1",NA,2024-03-11,2024-03-11 18:39:48,"pm","L",3,"R",38.3901328145035,NA,"0",312,0.142,10.8,-0.278988397306734
"2.6",211,"1",NA,2024-03-12,2024-03-12 06:24:01,"am","R",3,"L",38.3901328145035,NA,"1",312,0.142,-1.98333333333333,0.391427189680385
"2.6",212,"1",NA,2024-03-12,2024-03-12 18:32:44,"pm","L",3,"R",115.170221587506,NA,"0",312,0.048,3.73333333333333,0.353503194479119
"2.6",213,"1",NA,2024-03-13,2024-03-13 06:18:32,"am","R",3,"L",115.170221587506,NA,"1",312,0.048,-7.46666666666667,-0.0589374583316497
"2.6",214,"1",NA,2024-03-13,2024-03-13 18:39:14,"pm","L",3,"R",115.170221587506,NA,"0",312,0.048,10.2333333333333,-0.219739853513951
"2.6",215,"1",NA,2024-03-14,2024-03-14 06:24:31,"am","R",3,"L",115.170221587506,NA,"0",312,0.048,-0.483333333333333,0.495729530099965
"2.6",216,"1",NA,2024-03-14,2024-03-14 18:47:27,"pm","L",3,"R",115.170221587506,NA,"1",312,0.048,18.45,-1.11921285252439
"2.6",217,"1",NA,2024-03-15,2024-03-15 06:22:59,"am","R",3,"L",115.170221587506,NA,"1",312,0.048,-2.01666666666667,0.389020641309776
"2.6",218,"1",NA,2024-03-15,2024-03-15 18:44:59,"pm","L",3,"R",115.170221587506,NA,"0",312,0.048,15.9833333333333,-0.845664708890057
"2.6",219,"1",NA,2024-03-16,2024-03-16 06:20:11,"am","R",3,"L",115.170221587506,NA,"1",312,0.048,-3.81666666666667,0.253223399515674
"2.6",220,"1",NA,2024-03-16,2024-03-16 18:51:06,"pm","L",3,"R",115.170221587506,NA,"0",312,0.048,22.1,-1.53334754595273
"2.6",221,"1",NA,2024-03-17,2024-03-17 06:15:57,"am","R",2,"L",38.3901328145035,NA,"1",180,0.082,-7.05,-0.0203983158630465
"2.6",221,"2",NA,2024-03-17,2024-03-17 06:23:11,"am","L",2,"L",38.3901328145035,NA,"1",180,0.082,0.183333333333333,0.53961422166038
"2.6",222,"1",NA,2024-03-17,2024-03-17 18:32:54,"pm","L",3,"L",115.170221587506,NA,"1",312,0.048,3.9,0.340680635780762
"2.6",222,"2",NA,2024-03-17,2024-03-17 18:48:23,"pm",NA,2,"R",38.3901328145035,NA,"0",180,0.082,19.3833333333333,-1.2256416905342
"2.6",223,"1",NA,2024-03-18,2024-03-18 06:13:21,"am","R",3,"L",115.170221587506,NA,"1",312,0.048,-9.65,-0.278933731485265
"2.6",224,"1",NA,2024-03-19,2024-03-19 06:28:24,"am","R",3,"L",57.5852434358581,NA,"1",312,0.095,6.4,0.878739977302385
"2.6",225,"1",NA,2024-03-19,2024-03-19 18:30:30,"pm","L",3,"R",57.5852434358581,NA,"0",312,0.095,1.5,0.517498355310924
"2.6",225,"2",NA,2024-03-19,2024-03-19 18:43:58,"pm","R",3,"R",57.5852434358581,NA,"0",312,0.095,14.9666666666667,-0.735331179557114
"2.6V",226,"1",NA,2024-03-24,2024-03-24 06:10:38,"am","R",3,"L",115.170221587506,NA,"0",312,0.048,-9.36666666666667,-0.248986093139594
"2.6V",226,"2",NA,2024-03-24,2024-03-24 06:25:09,"am","L",3,"L",115.170221587506,NA,"0",312,0.048,5.15,0.82074322359
"2.6V",227,"1",NA,2024-03-24,2024-03-24 18:34:17,"pm","L",3,"R",57.5852434358581,NA,"1",312,0.095,5.28333333333333,0.230986822866597
"2.6V",228,"1",NA,2024-03-25,2024-03-25 18:38:19,"pm","R",3,"L",38.3901328145035,NA,"0",312,0.142,9.31666666666667,-0.126982053005339
"2.6V",229,"1",NA,2024-03-26,2024-03-26 06:09:40,"am","L",3,"R",115.170221587506,NA,"0",312,0.048,-9.33333333333333,-0.245485312770866
"2.6V",230,"1",NA,2024-03-27,2024-03-27 06:22:59,"am","R",3,"L",57.5852434358581,NA,"0",312,0.095,4.98333333333333,0.81262130917094
"2.6V",231,"1",NA,2024-03-28,2024-03-28 06:18:24,"am","L",3,"R",38.3901328145035,NA,"0",312,0.142,1.4,0.61594343977428
"2.6V",232,"1",NA,2024-03-29,2024-03-29 06:17:49,"am","R",3,"L",115.170221587506,NA,"1",312,0.048,0.816666666666667,0.579949500021296
"2.6V",233,"1",NA,2024-03-30,2024-03-30 06:15:39,"am","L",3,"R",57.5852434358581,NA,"0",312,0.095,-0.35,0.504626641887127
"2.6V",234,"1",NA,2024-03-31,2024-03-31 18:40:22,"pm","R",3,"L",38.3901328145035,NA,"0",312,0.142,12.3666666666667,-0.448176099147954
"2.6V",235,"1",NA,2024-04-01,2024-04-01 06:30:06,"am","L",3,"R",115.170221587506,NA,"1",312,0.048,15.1,1.13869517325146
"2.6V",236,"1",NA,2024-04-03,2024-04-03 18:46:34,"pm","R",3,"L",115.170221587506,NA,"0",312,0.048,18.5666666666667,-1.13247416821528
"2.6V",237,"1",NA,2024-04-04,2024-04-04 18:43:58,"pm","L",3,"R",57.5852434358581,NA,"0",312,0.095,15.9666666666667,-0.843877763844037
"2.6V",238,"1",NA,2024-04-05,2024-04-05 18:42:29,"pm","R",3,"L",38.3901328145035,NA,"1",312,0.142,14.4833333333333,-0.682161391268751
"2.6V",239,"1",NA,2024-04-08,2024-04-08 06:20:31,"am","L",3,"R",38.3901328145035,NA,"0",312,0.142,9.51666666666667,1.00084645852831
"2.6V",240,"1",NA,2024-04-09,2024-04-09 06:32:13,"am","R",3,"R",115.170221587506,NA,"0",312,0.048,21.2166666666667,1.16921902181097
"2.6V",241,"1",NA,2024-04-09,2024-04-09 18:36:19,"pm","R",3,"L",38.3901328145035,NA,"1",312,0.142,8.31666666666667,-0.0311687231012134
"2.6V",242,"1",NA,2024-04-10,2024-04-10 06:13:53,"am","L",3,"R",19.1950369312511,NA,"0",312,0.284,3.88333333333333,0.756725353458578
"2.6V",243,"1",NA,2024-04-11,2024-04-11 06:09:45,"am","R",3,"R",19.1950369312511,NA,"0",312,0.284,-0.25,0.511259806730487
"2.6V",244,"1",NA,2024-04-12,2024-04-12 18:21:18,"pm","L",2,"R",38.3901328145035,NA,"0",180,0.082,-6.7,0.981047063134171
"2.6V",245,"1",NA,2024-04-15,2024-04-15 06:22:52,"am","R",3,"R",19.1950369312511,NA,"0",312,0.284,14.8666666666667,1.13502636022028
"2.6V",246,"1",NA,2024-04-16,2024-04-16 06:15:24,"am","R",2,"L",19.1950369312511,NA,"1",180,0.164,7.4,0.921423608659768
"2.6V",247,"1",NA,2024-04-16,2024-04-16 18:38:48,"pm","L",2,"R",115.170221587506,NA,"1",180,0.028,10.8,-0.278988397306734
"2.6V",248,"1",NA,2024-04-18,2024-04-18 06:44:29,"am","L",2,"L",115.170221587506,NA,"1",180,0.028,37.4833333333333,1.67305333976519
"2.6V",249,"1",NA,2024-04-18,2024-04-18 18:46:54,"pm","R",2,"R",115.170221587506,NA,"1",180,0.028,18.9,-1.17044362663669
"2.6V",250,"1",NA,2024-04-19,2024-04-19 18:38:21,"pm","R",1,"R",115.170221587506,NA,"1",50,0.01,10.35,-0.231830666245894
"2.6V",251,"1",NA,2024-04-27,2024-04-27 18:29:19,"pm","L",1,"L",115.170221587506,NA,"1",50,0.01,1.31666666666667,0.530332772975144
"2.6V",252,"1",NA,2024-04-28,2024-04-28 06:31:49,"am","L",1,"L",115.170221587506,NA,"1",50,0.01,28.8166666666667,1.67305333976519
"2.6V",253,"1",NA,2024-04-28,2024-04-28 18:31:26,"pm","L",1,"L",115.170221587506,NA,"1",50,0.01,3.43333333333333,0.376374839817347
"2.6V",254,"1",NA,2024-04-29,2024-04-29 06:14:00,"am","L",2,"R",57.5852434358581,NA,"0",180,0.055,12,1.07503240119715
"2.6V",255,"1",NA,2024-04-29,2024-04-29 18:30:42,"pm","R",2,"R",57.5852434358581,NA,"1",180,0.055,2.7,0.43116745400392
"2.6V",256,"1","testing",2024-04-30,2024-04-30 06:43:48,"am","L",2,"L",57.5852434358581,NA,"1",180,0.055,41.8,1.67305333976519
"2.6V",257,"1",NA,2024-04-30,2024-04-30 18:29:30,"pm","L",2,"L",57.5852434358581,NA,"1",180,0.055,0.5,0.5860770925072
"2.6V",258,"1",NA,2024-05-01,2024-05-01 18:26:58,"pm","R",2,"R",57.5852434358581,NA,"0",180,0.055,-2.03333333333333,0.740209890199512
"2.6V",259,"1",NA,2024-05-02,2024-05-02 07:30:46,"am","L",2,"L",57.5852434358581,NA,"1",180,0.055,89.7666666666667,1.67305333976519
"2.6V",260,"1",NA,2024-05-02,2024-05-02 18:42:11,"pm","L",2,"R",57.5852434358581,NA,"0",180,0.055,13.1833333333333,-0.538264658202001
"2.6V",261,"2",NA,2024-05-03,2024-05-03 06:39:12,"am","R",3,"R",57.5852434358581,NA,"0",312,0.095,38.2,1.67305333976519
"2.6V",261,"1",NA,2024-05-03,2024-05-03 06:15:35,"am","R",3,"R",57.5852434358581,NA,"0",312,0.095,14.5833333333333,1.13032513244274
"2.6V",262,"1",NA,2024-05-03,2024-05-03 18:51:36,"pm","R",2,"L",57.5852434358581,NA,"1",180,0.055,22.6,-1.58840912676568
"2.8H",263,"1",NA,2024-04-23,2024-04-23 18:43:54,"pm","L",1,"L",115.170221587506,NA,"1",50,0.01,15.9,-0.836721596909696
"2.8H",264,"1","testing or training? Not sure what to do with ?H",2024-04-30,2024-04-30 06:21:53,"am","R",2,"R",57.5852434358581,NA,"0",180,0.055,19.8833333333333,1.17338489392533
"2.8H",265,"1",NA,2024-04-30,2024-04-30 18:48:04,"pm","R",2,"L",57.5852434358581,NA,"0",180,0.055,19.0666666666667,-1.18946328857606
"2.8H",266,"1",NA,2024-05-01,2024-05-01 05:29:49,"am","R",2,"R",57.5852434358581,NA,"0",180,0.055,-32.1833333333333,-2.93630623801972
"2.8H",266,"2",NA,2024-05-01,2024-05-01 05:59:34,"am","R",2,"L",57.5852434358581,NA,"0",180,0.055,-2.43333333333333,0.358609485580924
"2.8H",266,"3",NA,2024-05-01,2024-05-01 06:16:26,"am","L",1,"L",57.5852434358581,NA,"0",50,0.017,14.4333333333333,1.12772696412516
"2.8H",267,"1",NA,2024-05-01,2024-05-01 18:42:59,"pm","L",2,"L",57.5852434358581,NA,"0",180,0.055,13.9833333333333,-0.626884833045348
"2.8H",267,"2",NA,2024-05-01,2024-05-01 18:50:03,"pm","L",2,"L",57.5852434358581,NA,"0",180,0.055,21.05,-1.41562647598383
"2.8H",268,"1",NA,2024-05-02,2024-05-02 05:58:57,"am","R",2,"R",57.5852434358581,NA,"0",180,0.055,-2.05,0.386610199055428
"2.8H",269,"1",NA,2024-05-02,2024-05-02 18:24:22,"pm","R",2,"L",57.5852434358581,NA,"0",180,0.055,-4.63333333333333,0.878193867448463
"2.8H",270,"1",NA,2024-05-03,2024-05-03 06:27:52,"am","L",3,"L",57.5852434358581,NA,"1",312,0.095,26.8666666666667,1.67305333976519
"2.8H",271,"1",NA,2024-05-03,2024-05-03 18:50:20,"pm","L",2,"R",57.5852434358581,NA,"1",180,0.055,21.3333333333333,-1.44762078124646
"2.8V",272,"1","training",2024-05-05,2024-05-05 18:45:13,"pm","L",1,"L",57.5852434358581,NA,"1",50,0.017,16.2166666666667,-0.870756354512098
"2.8V",273,"1","training",2024-05-06,2024-05-06 05:45:57,"am","L",1,"L",57.5852434358581,NA,"1",50,0.017,-14.05,-0.769882116412397
"2.8V",274,"1","training",2024-05-06,2024-05-06 18:43:12,"pm","L",1,"L",57.5852434358581,NA,"1",50,0.017,14.2,-0.650861973074528
"2.8V",275,"1","training",2024-05-07,2024-05-07 05:41:51,"am","L",1,"L",57.5852434358581,NA,"1",50,0.017,-18.15,-1.29409381640574
"2.8V",276,"1","training",2024-05-10,2024-05-10 18:56:37,"pm","R",2,"R",57.5852434358581,NA,"0",180,0.055,26.6166666666667,-2.00160243522899
"2.8V",277,"1","training",2024-05-11,2024-05-11 05:53:38,"am","R",2,"R",57.5852434358581,NA,"0",180,0.055,-5.36666666666667,0.126907567010353
"2.8V",278,"1","training",2024-05-12,2024-05-12 05:54:09,"am","R",1,"R",57.5852434358581,NA,"1",50,0.017,-4.85,0.169993101437295
"2.8V",279,"1","borderline",2024-05-12,2024-05-12 18:57:05,"pm","R",2,"L",57.5852434358581,NA,"1",180,0.055,27.0833333333333,-2.04717045446724
"2.8V",280,"1","borderline",2024-05-13,2024-05-13 05:36:53,"am","L",2,"R",57.5852434358581,NA,"1",180,0.055,-21.1166666666667,-1.664055066722
"2.8V",280,"2","borderline",2024-05-13,2024-05-13 05:47:17,"am","R",2,"R",57.5852434358581,NA,"0",180,0.055,-10.7166666666667,-0.394242848446107
"2.8V",280,"3","borderline",2024-05-13,2024-05-13 05:58:02,"am","R",2,"R",57.5852434358581,NA,"1",180,0.055,0.0333333333333333,0.529869781142433
"2.8V",281,"1","testing",2024-05-13,2024-05-13 18:57:47,"pm","R",2,"L",57.5852434358581,NA,"0",180,0.055,27.7833333333333,-2.11468158537896
"2.8V",282,"1","testing",2024-05-14,2024-05-14 18:43:12,"pm","R",2,"R",57.5852434358581,NA,"1",180,0.055,12.2,-0.429900694270372
"2.8V",283,"1","testing",2024-05-15,2024-05-15 05:45:49,"am","R",2,"L",28.7925885573646,NA,"0",180,0.109,-12.1833333333333,-0.556781999397027
"2.8V",283,"2","testing",2024-05-15,2024-05-15 05:58:21,"am","L",2,"L",28.7925885573646,NA,"0",180,0.109,0.35,0.550355459731902
"2.8V",283,"3","testing",2024-05-15,2024-05-15 06:11:44,"am","L",2,"L",28.7925885573646,NA,"0",180,0.109,13.7333333333333,1.11460264928139
"2.8V",284,"1","testing",2024-05-15,2024-05-15 19:03:09,"pm","L",2,"R",57.5852434358581,NA,"1",180,0.055,32.15,-2.51335026606805
"2.8V",285,"1","testing",2024-05-16,2024-05-16 05:45:01,"am","L",2,"L",57.5852434358581,NA,"1",180,0.055,-12.9833333333333,-0.645867928040609
"2.8V",285,"2","testing",2024-05-16,2024-05-16 05:40:06,"am","R",2,"R",28.7925885573646,NA,"0",180,0.109,-17.9,-1.26253027567041
"2.8V",285,"3","testing",2024-05-16,2024-05-16 05:59:35,"am","R",2,"R",57.5852434358581,NA,"0",180,0.055,1.58333333333333,0.627026447687254
"2.8V",286,"1","testing",2024-05-16,2024-05-16 18:58:51,"pm","R",2,"L",57.5852434358581,NA,"0",180,0.055,27.85,-2.12105874822981
"2.8V",287,"1","testing",2024-05-17,2024-05-17 05:32:57,"am","L",2,"L",57.5852434358581,NA,"0",180,0.055,-25.05,-2.15435071799823
"2.8V",287,"2","testing",2024-05-17,2024-05-17 05:56:38,"am","L",2,"L",28.7925885573646,NA,"1",180,0.109,-1.36666666666667,0.435248851115754
"2.8V",287,"3","testing",2024-05-17,2024-05-17 06:07:51,"am","L",2,"L",28.7925885573646,NA,"1",180,0.109,9.85,1.01199816925362
"2.8V",288,"1","testing",2024-05-17,2024-05-17 19:01:59,"pm","L",2,"R",57.5852434358581,NA,"1",180,0.055,30.9833333333333,-2.41059102845681
"2.8V",289,"1","testing",2024-05-18,2024-05-18 05:46:01,"am","L",2,"R",28.7925885573646,NA,"0",180,0.109,-11.9833333333333,-0.534494097771605
"2.8V",290,"1","testing",2024-05-18,2024-05-18 18:58:48,"pm","R",2,"L",57.5852434358581,NA,"0",180,0.055,27.8,-2.116276730053
"2.8V",291,"1","testing",2024-05-19,2024-05-19 05:47:01,"am","L",2,"L",28.7925885573646,NA,"1",180,0.109,-10.9833333333333,-0.423559058669227
"2.8V",292,"1","testing",2024-05-20,2024-05-20 05:51:10,"am","R",2,"R",28.7925885573646,NA,"1",180,0.109,-6.83333333333333,-0.000832812897483506
"2.8V",293,"1","testing",2024-05-21,2024-05-21 05:42:12,"am","R",2,"L",28.7925885573646,NA,"0",180,0.109,-14.8,-0.862605787115058
"2.8V",293,"2","testing",2024-05-21,2024-05-21 06:04:20,"am","L",2,"L",28.7925885573646,NA,"1",180,0.109,7.33333333333333,0.918680902406387
"2.8V",294,"1","testing",2024-05-21,2024-05-21 18:52:28,"pm","L",2,"L",57.5852434358581,NA,"1",180,0.055,20.4666666666667,-1.34937720962683
"2.8V",295,"1","testing",2024-05-22,2024-05-22 05:58:34,"am","L",2,"R",28.7925885573646,NA,"0",180,0.109,1.56666666666667,0.626023437145784
"2.8V",296,"1","testing",2024-05-22,2024-05-22 18:50:50,"pm","R",2,"L",57.5852434358581,NA,"0",180,0.055,18.8333333333333,-1.16284151551623
"2.8V",297,"1","testing",2024-05-23,2024-05-23 05:55:02,"am","L",2,"L",28.7925885573646,NA,"0",180,0.109,-1.96666666666667,0.392629004388424
"2.8V",298,"1","testing",2024-05-24,2024-05-24 06:13:50,"am","L",2,"R",28.7925885573646,NA,"0",180,0.109,16.8333333333333,1.16020567846816
"2.9H",299,"1","training",2024-05-10,2024-05-10 18:55:24,"pm","L",2,"L",57.5852434358581,NA,"0",180,0.055,25.4,-1.88067896700608
"2.9H",300,"1","training",2024-05-11,2024-05-11 05:57:01,"am","L",2,"L",57.5852434358581,NA,"0",180,0.055,-1.98333333333333,0.391427189680385
"2.9H",301,"1","training",2024-05-12,2024-05-12 05:38:28,"am","L",2,"L",57.5852434358581,NA,"0",180,0.055,-20.5333333333333,-1.58909521150724
"2.9H",301,"2","training",2024-05-12,2024-05-12 05:53:48,"am","L",2,"L",57.5852434358581,NA,"1",180,0.055,-5.2,0.140914077793493
"2.9H",302,"1","borderline",2024-05-12,2024-05-12 18:52:45,"pm","L",2,"R",57.5852434358581,NA,"0",180,0.055,22.75,-1.60477163648703
"2.9H",302,"2","borderline",2024-05-12,2024-05-12 19:07:21,"pm","R",2,"R",57.5852434358581,NA,"0",180,0.055,37.35,-2.93886012626129
"2.9H",303,"1","borderline",2024-05-13,2024-05-13 05:44:15,"am","R",2,"L",57.5852434358581,NA,"1",180,0.055,-13.75,-0.733939868212399
"2.9H",304,"1","testing",2024-05-13,2024-05-13 18:48:30,"pm","L",2,"R",57.5852434358581,NA,"0",180,0.055,18.5,-1.12489424951539
"2.9H",304,"2","testing",2024-05-13,2024-05-13 18:54:31,"pm","R",2,"R",57.5852434358581,NA,"1",180,0.055,24.5166666666667,-1.79095202138967
"2.9H",304,"3","testing",2024-05-13,2024-05-13 19:01:10,"pm","R",2,"R",57.5852434358581,NA,"0",180,0.055,31.1666666666667,-2.4269187088504
"2.9H",304,"4","testing",2024-05-13,2024-05-13 19:08:08,"pm","R",2,"R",57.5852434358581,NA,"0",180,0.055,38.1333333333333,-2.99844242896523
"2.9H",305,"1","testing",2024-05-14,2024-05-14 05:28:22,"am","R",2,"R",57.5852434358581,NA,"1",180,0.055,-29.6333333333333,-2.67957168581852
"2.9H",306,"1","testing",2024-05-14,2024-05-14 18:35:39,"pm","L",2,"L",57.5852434358581,NA,"1",180,0.055,4.65,0.281939007327753
"2.9H",306,"2","testing",2024-05-14,2024-05-14 18:50:15,"pm","L",2,"L",57.5852434358581,NA,"1",180,0.055,19.25,-1.21040370620465
"2.9H",306,"3","testing",2024-05-14,2024-05-14 18:58:34,"pm","L",2,"L",57.5852434358581,NA,"0",180,0.055,27.5666666666667,-2.09389286150789
"2.9H",307,"2","testing",2024-05-15,2024-05-15 05:48:04,"am","R",2,"L",57.5852434358581,NA,"1",180,0.055,-9.93333333333333,-0.309198965449926
"2.9H",307,"1","testing",2024-05-15,2024-05-15 05:26:18,"am","L",2,"L",57.5852434358581,NA,"1",180,0.055,-31.7,-2.89153360664678
"2.9H",307,"2","testing",2024-05-15,2024-05-15 05:57:40,"am","L",2,"R",28.7925885573646,NA,"0",180,0.109,-0.333333333333333,0.505734528423435
"2.9H",308,"1","testing",2024-05-15,2024-05-15 18:43:54,"pm","R",2,"L",57.5852434358581,NA,"1",180,0.055,12.9,-0.506930846583042
"2.9H",308,"2","testing",2024-05-15,2024-05-15 18:52:47,"pm","L",2,"L",57.5852434358581,NA,"0",180,0.055,21.7833333333333,-1.49810775877126
"2.9H",308,"3","testing",2024-05-15,2024-05-15 19:01:35,"pm","L",2,"L",57.5852434358581,NA,"1",180,0.055,30.5833333333333,-2.3747333614754
"2.9H",308,"4","testing",2024-05-15,2024-05-15 19:10:53,"pm","L",2,"L",57.5852434358581,NA,"0",180,0.055,39.8833333333333,-3.12736575755526
"2.9H",309,"1","testing",2024-05-16,2024-05-16 05:40:55,"am","L",2,"L",28.7925885573646,NA,"1",180,0.109,-17.0833333333333,-1.15763040151935
"2.9H",310,"1","testing",2024-05-16,2024-05-16 18:50:10,"pm","L",2,"R",57.5852434358581,NA,"1",180,0.055,19.1666666666667,-1.20088330531863
"2.9H",311,"1","testing",2024-05-17,2024-05-17 05:49:45,"am","R",2,"R",28.7925885573646,NA,"1",180,0.109,-8.25,-0.134710778511021
"2.9H",312,"1","testing",2024-05-17,2024-05-17 18:55:28,"pm","L",2,"L",57.5852434358581,NA,"0",180,0.055,24.4666666666667,-1.78582425083331
"2.9V",313,"1",NA,2024-04-23,2024-04-23 18:45:52,"pm","R",1,"R",115.170221587506,NA,"1",50,0.01,17.8666666666667,-1.05320204162689
