maze;nest;bee_flight;video_name;date;t_video_start;t_ret;elapsed_t_ret_on_light_meter_video;light_level_ret;notes;actual_beep_time_video;;;readme: first thing to note is that the time of return in other sheet is when the bee is first seen in the video, it is not the time of hole entry. So the time you hear the beep on the light level camera (when bee enters hole) will be a several seconds after the time the bee has returned. this doesnt mean the different camera times are not synched. The time of return is very highly correlated with the time of the decision i think. Bees generally race through to the decision chamber. 
1;1.2;1;C0104;2024-02-29;18:14:30;18:54:25;00:39:55;0.00497;;;;;
1;1.2;1;C0105;2024-03-01;05:26:53;05:58:39;00:31:46;0.00353;;;;;
1;1.2;2;C0105;2024-03-01;05:26:53;06:30:49;01:03:56;1.785;;;;;
2;2.6;1;C0106;2024-03-01;18:10:43;18:49:59;00:39:16;0.01757;;;;;
1;1.2;1;C0106;2024-03-01;18:10:43;NA;NA;NA;;;;;
1;1.2;1;C0107;2024-03-02;05:28:06;06:03:25;00:35:19;0.00139;;;;;
2;2.6;1;C0107;2024-03-02;05:28:06;NA;NA;NA;;;;;
NA;NA;NA;C0108;2024-03-02;18:14:37;NA;NA;NA;no bees exited maze this evening;;;;
1;1.2;1;C0110;2024-03-03;05:31:33;06:12:15;00:40:42;0.0202;;;;;
NA;NA;NA;C0111;2024-03-03;17:55:57;NA;NA;NA;;;;;
1;1.2;1;C0112;2024-03-04;05:33:42;06:10:59;00:37:17;0.01562;;;;;
2;2.6;1;C0112;2024-03-04;05:33:42;06:25:01;00:51:19;0.541;;;;;
1;1.2;1;C0113;2024-03-04;18:01:04;18:44:19;00:43:15;0.1085;;;;;
2;2.6;1;C0113;2024-03-04;18:01:04;18:46:23;00:45:19;0.0578;;;;;
1;1.2;1;C0114;2024-03-05;05:34:07;06:13:13;00:39:06;0.0361;;;;;
2;2.6;1;C0114;2024-03-05;05:34:07;06:31:51;00:57:44;1.945;;;;;
2;2.6;1;C0115;2024-03-05;18:17:58;18:42:52;00:24:54;0.1562;;;;;
NA;NA;NA;C0116;2024-03-06;17:56:52;NA;NA;NA;no bees exited maze this evening;;;;
2;2.6;1;NA;2024-03-06;NA;NA;NA;0.1453;No video this morning. Took a spot reading from the light meter when I heard maze 2 beep for the return of the bee there.;;;;
1;1.2;1;C0119;2024-03-07;05:31:22;06:10:37;00:39:15;0.0265;;;;;
2;2.6;1;C0119;2024-03-07;05:31:22;06:28:18;00:56:56;1.389;;;;;
1;1.2;1;C0121;2024-03-07;18:12:44;18:44:12;00:31:28;0.1134;;;;;
2;2.6;1;C0121;2024-03-07;18:12:44;18:50:37;00:37:53;0.01793;;;;;
1;1.2;2?;C0124;2024-03-08;05:32:08;06:29:50;00:57:42;1.899;unplugged beedetector on this morning so you wont hear beep to ensure cams are synched.;;;;
2;2.6;1;C0124;2024-03-08;05:32:08;06:32:16;01:00:08;2.53;unplugged beedetector on this morning so you wont hear beep to ensure cams are synched.;;;;
2;2.6;1;C0125;2024-03-08;17:42:27;18:46:39;01:04:12;0.0476;There was no beep on beetector;NA;;;
1;1.2;1;C0125;2024-03-08;17:42:27;18:57:05;01:14:38;0.00535;;01:14:40;;;
1;1.2;1;C0127;2024-03-11;05:21:49;06:03:38;00:41:49;0.00258;;00:41:50;;;
1;1.2;2;C0127;2024-03-11;05:21:49;06:16:33;00:54:44;0.0360;;00:54:51;;;
2;2.6;1;C0127;2024-03-11;05:21:49;06:33:55;01:12:06;1.297;There was no beep on beetector;NA;;;
2;2.6;1;C0109;2024-03-11;18:13:03;18:39:48;00:26:45;0.1764;I used the time I heard the beep, not the time she made the first decision, which was about a minute earlier. Im sure 0.2 units is not NB anyway;00:28:05;;;
1;1.2;1;C0109;2024-03-11;18:13:03;18:54:32;00:41:29;0.00291;;;;;
1;1.2;1;C0111_2;2024-03-12;05:26:05;06:10:14;00:44:09;0.01604;;;;;
1;1.2;2;C0111_2;2024-03-12;05:26:05;06:22:49;00:56:44;0.524;;00:56:30;;;
2;2.6;1;C0111_2;2024-03-12;05:26:05;06:24:01;00:57:56;0.646;;00:57:58;;;
2;2.6;1;C0112_2;2024-03-12;18:09:26;18:32:44;00:23:18;0.1397;;00:23:22;;;
1;1.2;1;C0112_2;2024-03-12;18:09:26;18:41:00;00:31:34;0.0921;;00:31:21;;;
1;1.2;2;C0112_2;2024-03-12;18:09:26;18:55:09;00:45:43;0.001763;;00:45:38;;;
1;1.2;1;2024-03-13___05.38.12.MTS;2024-03-13;05:38:12;06:13:54;00:35:42;0.0185;;00:34:19;;;
2;2.6;1;2024-03-13___05.38.12.MTS;2024-03-13;05:38:12;06:18:32;00:40:20;0.256;There was no beep on beetector. The offset for maze 1 beep was 1 minute 23 seconds, so I will use reading that is 1 minute 23 seconds before 00:40:20;NA;;;
1;1.2;1;2024-03-13_18.15.36.MTS;2024-03-13;18:15:36;18:09:37;NA;NA;Bee returned before meter was turned on. Could use the first reading when meter was switched on.;NA;;;
2;2.6;1;2024-03-13_18.15.36.MTS;2024-03-13;18:15:36;18:39:14;00:23:38;0.878;;00:23:31;;;
1;1.2;2;2024-03-13_18.15.36.MTS;2024-03-13;18:15:36;18:44:06;00:28:30;0.0462;;00:28:11;;;
1;1.2;1;2024-03-14_05.38.18.MTS;2024-03-14;05:38:18;06:11:32;00:33:14;0.0525;;00:33:24;;;
2;2.6;1;2024-03-14_05.38.18.MTS;2024-03-14;05:38:18;06:24:31;00:46:13;1.642;There was no beep on beetector;NA;;;
2;2.6;1;2024-03-14_18.07.28.MTS;2024-03-14;18:07:28;18:47:27;00:39:59;0.0186;;00:39:50;;;
1;1.2;1;2024-03-14_18.07.28.MTS;2024-03-14;18:07:28;18:47:47;00:40:19;0.0177;;00:39:55;;;
1;1.2;2;2024-03-14_18.07.28.MTS;2024-03-14;18:07:28;18:59:15;00:51:47;0.0086;BE CAREFUL!!! SOMETIMES LCD DISPLAYS 0.XX INSTEAD OF 1.XX. CAN LEAD TO ORDER OF MAGNITUDE MISTAKE IF YOU'RE NOT CAREFUL ABOUT THE EXPONENT.;00:51:20;;;
1;1.2;1;2024-03-15_05.37.18.MTS;2024-03-15;05:37:18;06:12:58;00:35:40;0.0608;;00:35:12;;;
1;1.2;2;2024-03-15_05.37.18.MTS;2024-03-15;05:37:18;06:21:38;00:44:20;0.561;;00:43:55;;;
2;2.6;1;2024-03-15_05.37.18.MTS;2024-03-15;05:37:18;06:22:59;00:45:41;0.742;;00:45:29;;;
2;2.6;1;2024-03-15_18.11.04.MTS;2024-03-15;18:11:04;18:44:59;00:33:55;0.0356;;00:33:51;;;
1;1.2;1;2024-03-15_18.11.04.MTS;2024-03-15;18:11:04;18:55:09;00:44:05;0.00137;;00:43:33;;;
1;1.2;2;2024-03-16_05.45.52.MTS;2024-03-16;05:45:52;06:01:20;00:15:28;0.159;;00:15:05;;;
2;2.6;1;2024-03-16_05.45.52.MTS;2024-03-16;05:45:52;06:20:11;00:34:19;0.541;;00:34:07;;;
2;2.6;1;C0114_2;2024-03-16;18:01:53;18:51:06;00:49:13;0.00716;;00:49:15;;;
1;1.2;1;C0114_2;2024-03-16;18:01:53;18:53:23;00:51:30;0.00459;got the two beetector cables mixed up I think;00:51:14;;;
1;1.2;1;2024-03-16_05.45.52.MTS;2024-03-16;05:45:52;NA;NA;NA;Didn’t count this as she exited maze and came striaght back;;;;
1;1.2;3;2024-03-16_05.45.52.MTS;2024-03-16;05:45:52;NA;NA;NA;couldn’t see return due to condensation on lens and loss of focus;;;;
1;1.2;1;C0115_2;2024-03-17;05:40:52;06:00:15;00:19:23;0.01147;;;;;
2;2.6;1;C0115_2;2024-03-17;05:40:52;06:15:57;00:35:05;0.373;There was no beep on beetector;0:36:04;;;
1;1.2;2;C0115_2;2024-03-17;05:40:52;06:17:08;00:36:16;0.393;;;;;
2;2.6;2;C0115_2;2024-03-17;05:40:52;06:23:11;00:42:19;1.118;There was no beep on beetector;;;;
1;1.2;1;2024-03-17_18.10.36.MTS;2024-03-17;18:10:36;18:54:07;00:43:31;0.00114;difficult to read lcd light meter;00:43:09;;;
2;2.6;2;2024-03-17_18.10.36.MTS;2024-03-17;18:10:36;18:48:23;00:37:47;0.01208;;00:37:12;;;
2;2.6;1;2024-03-17_18.10.36.MTS;2024-03-17;18:10:36;18:32:54;00:22:18;0.571;difficult to read lcd again! Had to guess based on exponent changing;00:21:42;;;
1;1.2;1;2024-03-18_05.35.00.MTS;2024-03-18;05:35:00;05:56:02;00:21:02;0.0067;;00:20:27;;;
1;1.2;2;2024-03-18_05.35.00.MTS;2024-03-18;05:35:00;06:11:58;00:36:58;0.0492;;00:36:23;;;
2;2.6;1;2024-03-18_05.35.00.MTS;2024-03-18;05:35:00;06:13:21;00:38:21;0.0882;;00:38:02;;;
1;1.2;1;2024-03-18_18.11.24.MTS;2024-03-18;18:11:24;18:49:02;00:37:38;~0.0099;cant see the base numbers, only the exponent :( . But it must be a very low value to the power of -2, because the exponent changes roughly 1 minute later.;00:37:10;;;
2;2.6;NA;2024-03-18_18.11.24.MTS;2024-03-18;18:11:24;NA;NA;NA;no activity;;;;
1;1.2;1;2024-03-19_05.30.04.MTS;2024-03-19;05:30:04;06:15:12;00:45:08;0.0582;;00:44:25;;;
2;2.6;1;2024-03-19_06.24.04.MTS;2024-03-19;06:24:04;06:28:24;00:04:20;1.069;There was no beep on beetector;NA;;;
;;;;;;;;;;;;;
;;;;;;;;;;;;;
;;;;;;;;;;;;;
;;;;;;;;;;;;;
;;;;;;;;;;;;;
;;;;;;;;;;;;;
;;;;;;;;;;;;;
;;;;;;;;;;;;;
;;;;;;;;;;;;;