date,rise,set
2025-01-01,06:35,18:11
2025-02-01,06:41,18:25
2025-03-01,06:33,18:30
2025-04-01,06:17,18:30
2025-05-01,06:03,18:30
2025-06-01,05:59,18:36
2025-07-01,06:04,18:43
2025-08-01,06:10,18:41
2025-09-01,06:11,18:28
2025-10-01,06:08,18:10
2025-11-01,06:09,17:57
2025-12-01,06:20,17:57
2025-01-02,06:35,18:12
2025-02-02,06:41,18:26
2025-03-02,06:33,18:30
2025-04-02,06:16,18:30
2025-05-02,06:03,18:30
2025-06-02,05:59,18:36
2025-07-02,06:04,18:43
2025-08-02,06:10,18:41
2025-09-02,06:11,18:27
2025-10-02,06:08,18:09
2025-11-02,06:09,17:57
2025-12-02,06:20,17:58
2025-01-03,06:36,18:12
2025-02-03,06:41,18:26
2025-03-03,06:32,18:30
2025-04-03,06:16,18:30
2025-05-03,06:02,18:30
2025-06-03,05:59,18:37
2025-07-03,06:04,18:43
2025-08-03,06:11,18:41
2025-09-03,06:11,18:27
2025-10-03,06:08,18:09
2025-11-03,06:10,17:56
2025-12-03,06:21,17:58
2025-01-04,06:36,18:13
2025-02-04,06:40,18:26
2025-03-04,06:32,18:30
2025-04-04,06:15,18:29
2025-05-04,06:02,18:30
2025-06-04,05:59,18:37
2025-07-04,06:05,18:43
2025-08-04,06:11,18:40
2025-09-04,06:10,18:26
2025-10-04,06:08,18:08
2025-11-04,06:10,17:56
2025-12-04,06:21,17:58
2025-01-05,06:37,18:13
2025-02-05,06:40,18:27
2025-03-05,06:31,18:30
2025-04-05,06:15,18:29
2025-05-05,06:02,18:31
2025-06-05,05:59,18:37
2025-07-05,06:05,18:43
2025-08-05,06:11,18:40
2025-09-05,06:10,18:25
2025-10-05,06:08,18:08
2025-11-05,06:10,17:56
2025-12-05,06:22,17:59
2025-01-06,06:37,18:14
2025-02-06,06:40,18:27
2025-03-06,06:31,18:30
2025-04-06,06:14,18:29
2025-05-06,06:01,18:31
2025-06-06,05:59,18:37
2025-07-06,06:05,18:43
2025-08-06,06:11,18:40
2025-09-06,06:10,18:25
2025-10-06,06:08,18:07
2025-11-06,06:10,17:56
2025-12-06,06:22,17:59
2025-01-07,06:37,18:15
2025-02-07,06:40,18:27
2025-03-07,06:30,18:30
2025-04-07,06:14,18:29
2025-05-07,06:01,18:31
2025-06-07,05:59,18:38
2025-07-07,06:05,18:43
2025-08-07,06:11,18:39
2025-09-07,06:10,18:24
2025-10-07,06:07,18:07
2025-11-07,06:10,17:56
2025-12-07,06:23,17:59
2025-01-08,06:38,18:15
2025-02-08,06:40,18:27
2025-03-08,06:30,18:30
2025-04-08,06:13,18:29
2025-05-08,06:01,18:31
2025-06-08,05:59,18:38
2025-07-08,06:06,18:43
2025-08-08,06:11,18:39
2025-09-08,06:10,18:24
2025-10-08,06:07,18:06
2025-11-08,06:11,17:56
2025-12-08,06:23,18:00
2025-01-09,06:38,18:16
2025-02-09,06:40,18:28
2025-03-09,06:29,18:30
2025-04-09,06:12,18:29
2025-05-09,06:01,18:31
2025-06-09,05:59,18:38
2025-07-09,06:06,18:44
2025-08-09,06:11,18:39
2025-09-09,06:10,18:23
2025-10-09,06:07,18:06
2025-11-09,06:11,17:55
2025-12-09,06:24,18:00
2025-01-10,06:38,18:16
2025-02-10,06:39,18:28
2025-03-10,06:29,18:30
2025-04-10,06:12,18:29
2025-05-10,06:00,18:31
2025-06-10,06:00,18:38
2025-07-10,06:06,18:44
2025-08-10,06:11,18:38
2025-09-10,06:10,18:22
2025-10-10,06:07,18:05
2025-11-10,06:11,17:55
2025-12-10,06:24,18:00
2025-01-11,06:38,18:17
2025-02-11,06:39,18:28
2025-03-11,06:28,18:30
2025-04-11,06:11,18:29
2025-05-11,06:00,18:31
2025-06-11,06:00,18:39
2025-07-11,06:06,18:44
2025-08-11,06:11,18:38
2025-09-11,06:10,18:22
2025-10-11,06:07,18:05
2025-11-11,06:12,17:55
2025-12-11,06:25,18:01
2025-01-12,06:39,18:17
2025-02-12,06:39,18:28
2025-03-12,06:28,18:30
2025-04-12,06:11,18:29
2025-05-12,06:00,18:32
2025-06-12,06:00,18:39
2025-07-12,06:07,18:44
2025-08-12,06:11,18:37
2025-09-12,06:10,18:21
2025-10-12,06:07,18:04
2025-11-12,06:12,17:55
2025-12-12,06:25,18:01
2025-01-13,06:39,18:18
2025-02-13,06:39,18:28
2025-03-13,06:27,18:30
2025-04-13,06:10,18:29
2025-05-13,06:00,18:32
2025-06-13,06:00,18:39
2025-07-13,06:07,18:44
2025-08-13,06:11,18:37
2025-09-13,06:10,18:21
2025-10-13,06:07,18:04
2025-11-13,06:12,17:55
2025-12-13,06:26,18:02
2025-01-14,06:39,18:18
2025-02-14,06:38,18:29
2025-03-14,06:27,18:30
2025-04-14,06:10,18:29
2025-05-14,06:00,18:32
2025-06-14,06:00,18:39
2025-07-14,06:07,18:44
2025-08-14,06:11,18:37
2025-09-14,06:09,18:20
2025-10-14,06:07,18:03
2025-11-14,06:13,17:55
2025-12-14,06:26,18:02
2025-01-15,06:39,18:19
2025-02-15,06:38,18:29
2025-03-15,06:26,18:30
2025-04-15,06:09,18:29
2025-05-15,05:59,18:32
2025-06-15,06:00,18:40
2025-07-15,06:07,18:44
2025-08-15,06:11,18:36
2025-09-15,06:09,18:19
2025-10-15,06:07,18:03
2025-11-15,06:13,17:55
2025-12-15,06:27,18:03
2025-01-16,06:40,18:19
2025-02-16,06:38,18:29
2025-03-16,06:26,18:30
2025-04-16,06:09,18:29
2025-05-16,05:59,18:32
2025-06-16,06:01,18:40
2025-07-16,06:08,18:43
2025-08-16,06:11,18:36
2025-09-16,06:09,18:19
2025-10-16,06:07,18:02
2025-11-16,06:13,17:55
2025-12-16,06:27,18:03
2025-01-17,06:40,18:19
2025-02-17,06:38,18:29
2025-03-17,06:25,18:30
2025-04-17,06:09,18:29
2025-05-17,05:59,18:32
2025-06-17,06:01,18:40
2025-07-17,06:08,18:43
2025-08-17,06:11,18:35
2025-09-17,06:09,18:18
2025-10-17,06:07,18:02
2025-11-17,06:14,17:55
2025-12-17,06:28,18:04
2025-01-18,06:40,18:20
2025-02-18,06:37,18:29
2025-03-18,06:24,18:30
2025-04-18,06:08,18:29
2025-05-18,05:59,18:33
2025-06-18,06:01,18:40
2025-07-18,06:08,18:43
2025-08-18,06:11,18:35
2025-09-18,06:09,18:18
2025-10-18,06:07,18:01
2025-11-18,06:14,17:55
2025-12-18,06:28,18:04
2025-01-19,06:40,18:20
2025-02-19,06:37,18:29
2025-03-19,06:24,18:30
2025-04-19,06:08,18:29
2025-05-19,05:59,18:33
2025-06-19,06:01,18:41
2025-07-19,06:08,18:43
2025-08-19,06:11,18:34
2025-09-19,06:09,18:17
2025-10-19,06:08,18:01
2025-11-19,06:14,17:55
2025-12-19,06:29,18:05
2025-01-20,06:40,18:21
2025-02-20,06:37,18:30
2025-03-20,06:23,18:30
2025-04-20,06:07,18:29
2025-05-20,05:59,18:33
2025-06-20,06:01,18:41
2025-07-20,06:08,18:43
2025-08-20,06:11,18:34
2025-09-20,06:09,18:16
2025-10-20,06:08,18:01
2025-11-20,06:15,17:55
2025-12-20,06:29,18:05
2025-01-21,06:40,18:21
2025-02-21,06:36,18:30
2025-03-21,06:23,18:30
2025-04-21,06:07,18:29
2025-05-21,05:59,18:33
2025-06-21,06:02,18:41
2025-07-21,06:09,18:43
2025-08-21,06:11,18:33
2025-09-21,06:09,18:16
2025-10-21,06:08,18:00
2025-11-21,06:15,17:56
2025-12-21,06:30,18:05
2025-01-22,06:41,18:22
2025-02-22,06:36,18:30
2025-03-22,06:22,18:30
2025-04-22,06:06,18:29
2025-05-22,05:59,18:34
2025-06-22,06:02,18:41
2025-07-22,06:09,18:43
2025-08-22,06:11,18:33
2025-09-22,06:09,18:15
2025-10-22,06:08,18:00
2025-11-22,06:16,17:56
2025-12-22,06:30,18:06
2025-01-23,06:41,18:22
2025-02-23,06:36,18:30
2025-03-23,06:22,18:30
2025-04-23,06:06,18:29
2025-05-23,05:59,18:34
2025-06-23,06:02,18:41
2025-07-23,06:09,18:43
2025-08-23,06:11,18:33
2025-09-23,06:09,18:15
2025-10-23,06:08,17:59
2025-11-23,06:16,17:56
2025-12-23,06:31,18:07
2025-01-24,06:41,18:23
2025-02-24,06:35,18:30
2025-03-24,06:21,18:30
2025-04-24,06:05,18:29
2025-05-24,05:59,18:34
2025-06-24,06:02,18:42
2025-07-24,06:09,18:43
2025-08-24,06:11,18:32
2025-09-24,06:08,18:14
2025-10-24,06:08,17:59
2025-11-24,06:16,17:56
2025-12-24,06:31,18:07
2025-01-25,06:41,18:23
2025-02-25,06:35,18:30
2025-03-25,06:21,18:30
2025-04-25,06:05,18:30
2025-05-25,05:59,18:34
2025-06-25,06:02,18:42
2025-07-25,06:09,18:43
2025-08-25,06:11,18:31
2025-09-25,06:08,18:13
2025-10-25,06:08,17:59
2025-11-25,06:17,17:56
2025-12-25,06:32,18:08
2025-01-26,06:41,18:23
2025-02-26,06:34,18:30
2025-03-26,06:20,18:30
2025-04-26,06:05,18:30
2025-05-26,05:59,18:35
2025-06-26,06:03,18:42
2025-07-26,06:09,18:42
2025-08-26,06:11,18:31
2025-09-26,06:08,18:13
2025-10-26,06:08,17:58
2025-11-26,06:17,17:56
2025-12-26,06:32,18:08
2025-01-27,06:41,18:24
2025-02-27,06:34,18:30
2025-03-27,06:19,18:30
2025-04-27,06:04,18:30
2025-05-27,05:59,18:35
2025-06-27,06:03,18:42
2025-07-27,06:10,18:42
2025-08-27,06:11,18:30
2025-09-27,06:08,18:12
2025-10-27,06:08,17:58
2025-11-27,06:18,17:56
2025-12-27,06:33,18:09
2025-01-28,06:41,18:24
2025-02-28,06:33,18:30
2025-03-28,06:19,18:30
2025-04-28,06:04,18:30
2025-05-28,05:59,18:35
2025-06-28,06:03,18:42
2025-07-28,06:10,18:42
2025-08-28,06:11,18:30
2025-09-28,06:08,18:12
2025-10-28,06:08,17:58
2025-11-28,06:18,17:57
2025-12-28,06:33,18:09