"day","session","pattern","side"
1,"am","pattern2","left"
1,"pm","pattern4","left"
2,"am","pattern3","right"
2,"pm","pattern1","left"
3,"am","pattern4","left"
3,"pm","pattern3","right"
4,"am","pattern3","right"
4,"pm","pattern3","left"
5,"am","pattern4","left"
5,"pm","pattern2","right"
6,"am","pattern4","right"
6,"pm","pattern3","left"
7,"am","pattern1","left"
7,"pm","pattern2","right"
8,"am","pattern1","right"
8,"pm","pattern4","left"
9,"am","pattern4","right"
9,"pm","pattern4","right"
10,"am","pattern1","left"
10,"pm","pattern2","left"
11,"am","pattern4","right"
11,"pm","pattern1","right"
12,"am","pattern4","left"
12,"pm","pattern2","right"
13,"am","pattern3","left"
13,"pm","pattern1","right"
14,"am","pattern1","right"
14,"pm","pattern2","left"
15,"am","pattern4","right"
15,"pm","pattern3","right"
16,"am","pattern4","left"
16,"pm","pattern4","left"
17,"am","pattern3","right"
17,"pm","pattern1","right"
18,"am","pattern2","left"
18,"pm","pattern2","left"
19,"am","pattern4","right"
19,"pm","pattern4","right"
20,"am","pattern3","left"
20,"pm","pattern2","left"
21,"am","pattern4","right"
21,"pm","pattern2","left"
22,"am","pattern2","right"
22,"pm","pattern1","left"
23,"am","pattern1","left"
23,"pm","pattern3","right"
24,"am","pattern1","left"
24,"pm","pattern1","right"
25,"am","pattern1","left"
25,"pm","pattern2","left"
26,"am","pattern3","right"
26,"pm","pattern4","left"
27,"am","pattern1","left"
27,"pm","pattern2","right"
28,"am","pattern3","right"
28,"pm","pattern3","left"
29,"am","pattern4","right"
29,"pm","pattern1","right"
30,"am","pattern1","left"
30,"pm","pattern2","left"
31,"am","pattern1","right"
31,"pm","pattern4","right"
32,"am","pattern3","left"
32,"pm","pattern3","right"
33,"am","pattern3","right"
33,"pm","pattern2","left"
34,"am","pattern1","left"
34,"pm","pattern3","right"
35,"am","pattern3","right"
35,"pm","pattern1","left"
36,"am","pattern2","left"
36,"pm","pattern2","right"
37,"am","pattern2","left"
37,"pm","pattern1","right"
38,"am","pattern4","right"
38,"pm","pattern2","left"
39,"am","pattern2","right"
39,"pm","pattern3","right"
40,"am","pattern3","left"
40,"pm","pattern4","right"
