time_relative_sunrise_or_set;light_level_candelas_per_sqmeter;curve;session
-45.04761904761903; 0.00020335565415159515;;am
-40.095238095238095; 0.0012547020168547688;;am
-35.14285714285713; 0.004663167925782481;;am
-30; 0.018953269519239858;;am
-25.047619047619094; 0.1069349231095089;;am
-20.095238095238102; 0.21247976360463744;;am
-14.761904761904788; 0.4617340636129295;;am
-9.999999999999972; 0.9452046837665854;;am
-4.857142857142847; 2.1160997823088135;;am
0.09523809523807358; 3.312356199938874;;am
4.857142857142875; 6.7806446203850195;;am
9.809523809523796; 11.607021657568453;;am
14.952380952380949; 17.117333345145543;;am
-4.857142857142833; 2.937529155018198;;am
0.2857142857142918; 7.633798014592082;;am
4.857142857142904; 12.310162588038729;;am
9.809523809523867; 17.102756737111644;;am
14.57142857142857; 23.06243208007906;;am
19.904761904761912; 40.675412226126845;;am
24.857142857142804; 43.210324718575336;;am
29.999999999999986; 63.72397277966147;;am
34.952380952380935; 78.57902066170207;;am
-77.01581027667986; 184.15132737603147;;pm
-77.01581027667984; 121.53281859696074;;pm
-61.89723320158103; 169.07056223056475;;pm
-61.89723320158103; 86.95567754534248;;pm
-57.094861660079054; 168.945637807733;;pm
-46.77865612648223; 164.06853916582023;;pm
-31.837944664031625; 99.41434614454447;;pm
-26.857707509881415; 114.09761981771592;;pm
-22.055335968379453; 88.85191665006533;;pm
-16.897233201581017; 55.434042827392325;;pm
-12.094861660079047; 39.725604280804625;;pm
-7.292490118577092; 20.989956091372672;;pm
-2.1343873517786562; 10.49215259162993;;pm
2.8458498023715464; 4.087340188339366;;pm
-21.87747035573122; 44.44805608782784;;pm
-17.252964426877455; 25.521249667129744;;pm
-2.1343873517786562; 4.569850906473715;;pm
3.023715415019794; 0.9155799543859707;;pm
7.826086956521763; 0.38759718046505204;;pm
12.806324110671952; 0.13895063628049442;;pm
17.96442687747036; 0.03287360236427789;;pm
22.94466403162056; 0.007777606110182778;;pm
28.102766798419026; 0.002565770039031319;;pm
32.90513833992095; 0.0012134738034473554;;pm
37.88537549407117; 0.0008458247505563402;;pm
43.043478260869534; 0.0006586380647261986;;pm