-77.01581027667986, 184.15132737603147
-77.01581027667984, 121.53281859696074
-61.89723320158103, 169.07056223056475
-61.89723320158103, 86.95567754534248
-57.094861660079054, 168.945637807733
-46.77865612648223, 164.06853916582023
-31.837944664031625, 99.41434614454447
-26.857707509881415, 114.09761981771592
-22.055335968379453, 88.85191665006533
-16.897233201581017, 55.434042827392325
-12.094861660079047, 39.725604280804625
-7.292490118577092, 20.989956091372672
-2.1343873517786562, 10.49215259162993
2.8458498023715464, 4.087340188339366
-21.87747035573122, 44.44805608782784
-17.252964426877455, 25.521249667129744
-2.1343873517786562, 4.569850906473715
3.023715415019794, 0.9155799543859707
7.826086956521763, 0.38759718046505204
12.806324110671952, 0.13895063628049442
17.96442687747036, 0.03287360236427789
22.94466403162056, 0.007777606110182778
28.102766798419026, 0.002565770039031319
32.90513833992095, 0.0012134738034473554
37.88537549407117, 0.0008458247505563402
43.043478260869534, 0.0006586380647261986
